,organism,gene,sequence ID,varseq
0,PRRSV,nsp2TF,DQ489311,CTCGCGGGGTCTGCTGGTCAGCGCCTCATGACATGGGTTTTTGAAGTTTACTCCCATCTCCCAGCTTTTATACTCACACTTTTCTCGCCGCGGGGCTCTATGGCTCCAGGCGATTGGTTGTTTGCAGGTGTTGTTTTACTTGCTCTCTTGCTCTGTCGTTCT
1,human,ccr5,HSU54994,GATAGGTACCTGGCTGTCGTCCATGCTGTGTTTGCTTTAAAAGCCAGGACGGTCACCTTTGGGGTGGTGACAAGTGTGATCACTTGGGTGGTGGCTGTGTTTGCGTCTCTCCCAGGAATCATCTTTACCAGATCTCAAAAAGAAGGTCTTCATTACACCTGC
2,SARS coronavirus,,NC_004718,GAACCCTTGATGCAGTCTGCGGATGCATCAACGTTTTTAAACGGGTTTGCGGTGTGGGTGCAGCCCGTCTTACACCGTGCGGCACAGGCACTGGTACTGGTGTCGTCTACAGGGCTTTTGGTATTTACAACGAAAAAGTTGCTGGTTTTGCAAAGTTCCTGG
3,SIVmac239,,AY588946,CATGTTATGGCCAAATGCCCAGACAGACAGGCGGGTTTTTTGGGCCTTGGTCCATGGGGAAAGAAGCCCCGCAATTTCCCCATGGCTCAAGTGCATCAGGGGCTGGTGCCAACTGCTCCCCCAGAGGACCCAGCTGTGGATCTGCTGGAGAACTACATGCAG
4,simian srv1 retrovirus,,M11841,ACTGATAGTCAAGGAAACCCACTACCACCCCATCAGGGAAACGGACTGGGGGGCCAGCCCCAGGCCCCGAAACAAGCTTATGGGGCGGTCAGCTTTGTTCCAGCCAACAAAAACAACCCATTTCAAAGCTTACCAGAGCCACCCCAGGAAGTGCAGGATTGG
5,PLRV luteovirus,RDRP and coat,D00530,ACTTCAGCAGAGAAAACTGCTCTAACAAACAAGCCTTTAAATGGGCAAGCGGCACCGTCCGCCAAAACAAACGGCAACTCCGACATCCCCGACGCCGCTACAAGCGCACCACCAATGGACAAAATGGTCGAACAGATCATCACAGCTATGGTGGGGAGAATC
6,human,OAZ1,D78361,TGCTGTAGTAACCCGGGTCCGGGGCCTCGGTGGTGCTCCTGGTGCCCCTCACCCACCCCTGGAGATCCCAGGTGGGCGAGGGAATGGTCAGAGGGATCACAATCTTTCAGCTGGCTTATTCTACTCCGATGGTCGGCTGGATGTGGCAGAGGAACTGGCGTC
7,herpes simplex virus,thymidine kinase wt,KM279056,CTACCCGGCCGCGCGATACCTTATGGGCAGCATGACCCCCCAGGCCGTGCTGGCGTTCGTGGCCCTCATCCCGCCGACCTTGCCCGGCACAAACATCGTGTTGGGGGCCCTTCCGGAGGACAGACACATCGACCGCCTGGCCAAACGCCAGCGCCCCGGCGA
8,human,peg10 human homolog of edr,NM_001184962,AATTGTCCTGCCAAGGCCTCAAAGTCTTCGCCGGCGGGAAACTCCCCGGCCCCGCTGTGGAGGGACCTTCAGCGACCGGGCCAGAAATGGTGGGGTCCCCACAAGATGGTGCCTCATCTCCACACTTGCAAGTGGTGCTCCAGATTCATCTTCCGGGCAGAC
9,Rous sarcoma virus,,V01197,AGAGATTGTCTGCAGGGCCTAGGGCTCCGCTTGACAAATTTATGGGGAGGGCCACTGTTCTCACTGTTGCGCTACATCTGGCTATTCCGCTCAAATGGAAGCCAGACCACACGCCTGTGTGGATTGGCCAGTGGCCCCTCCCTGGAGGTGGACTTGTGGCGC
10,HCV,F protein,HPCJTA,AGACCGTGCACCATGAGCACGAATCCTAAACCTCAAAGAAAAACCAAACGTGGCACCTACCGCCGCCCACAGGACGTCAAGTTCCCGGGCGGTGGTCAGATCGTTGGTGGAGTTTACGTGTTGCCGCGCAGGGGCCCCACGTTGGGTGTGCGCGCGACTGGG
11,human,HERV-K10,M14123,CGTTCTAAATTTGATAAAAATGGGCAACCATTGTCGGGAAACGAGCAAAGGGGCCAGCCTCAGGCCCCACAACAAACTGGGGCATTCCCAATTCAGCCATTTGTTCCTCAGGGTTTTCAGGGACAACAACCCCCACTGTCCCAAGTGTTTCAGGGAATGGGC
12,influenza a virus +1,,KP896498,AGGCAAGAGATGGCCAGTAGAGGCCTCTGGGATTCCTTTCGTCAGTCCGAGAGAGGCGAAGAGACAATTGGAGAAAGATTTGGAATTACAGGAACCATGCGCAGGCTCGCTGGCCAAAGTCTCCCACCGAACTTCTCCAGCCTTGGAAACTTTGGAGCCTAT
13,human t cell lymphotropic virus,,AF033817,CACCTCCCAAGGCCCCCCGAAATCAGCCAGTTCCCTTTAAACCAGAACGCCTCCAGGCCTTGCAACACTTGGTCCGGAAGGCCCTGGAGGCAGGCCATATCGAACCCTACACCGGGCCAGGAAATGGCCCAGTATTCCCAGTTGGAAAAGCCAATGGAACCT
14,HIV HXB2,,K03455,CACCAAATGAAAGATTGTACTGAGAGACAGGCTAATTTTTTGGGGAAGATCTGGCCTTCCTACAAGGGAAGGCCAGGGAATTTTCTTCAGAGCAGACCAGAGCCAACAGCCCCACCAGAAGAGAGCTTCAGGTCTGGGGTGGAGACAACAACTCCCCCTCAG
15,west nile virus,,EU249803,TCACAAGTGAATGCTTACAACGCTGATATGATTGATCCTTTTCAGCTGGGCCTTCTGGTCGTGTTCTTGGCCACCCAGGAGGTCCTTCGCAAGAGGTGGACAGCCAAGATCAGCATGCCAGCTATACTGGTTGCTCTGCTGGTCCTGGTGTTTGGGGGCATT
16,pea enation virus,polymerase,L04573,GACACGGAAGACGATGAGTCAGCCCCCAGACGCTCGGGAAACGGATTATTCCGGTCGACTCCGGAGAAACAAAGTCAAGCGAAGACCCCCTCCCCAAAGGTGGAGGAGTCAGCAGCACCCCCTCCCGCTCCAAGAGCCGAAAAGGTGGGGCATGTCCGTCGT
17,equine arteritis virus,,NC_002532,TTGGATCTGGCTAACCCAGTTGAGGCAGTGAATCAGTTAAACTGGGAGCGCCCCACATCTTTCCCGGCGATGTGGGGCGTCGGACCTTTGCTGGCTCTGGAGACAAGGGTTTCGTGGCTCTACACAGTCGCACAATGTTTTTGGCTGCCCGGGACTTTTTAT
18,HIV-2,,NC_001722,CACATCATGGCAAACTGCCCGGAAAGACAGGCAGGTTTTTTGGGGTTGGGCCCACGGGGAAAGAAGCCTCGCAACTTCCCCGTGGCCCAAGCCCCTCAGGGGCTGGTACCAACAGCACCTCCGGCAGATCCAGCAGCGGAACTGTTGGAGAGATATATGCAG
19,Rahnella,OrfA,AY528232,ATGCTGGATAAGGAGGCGCTTCAGGTGGCTCTGGGGCGAAAGTACTGGCGACAGACCAGAAGCGGGAAGCCGTGGTGTTGGTGTGTGGTGCGACCGGTCTGTCGCAACGTCGTGCCTGCAGGCTTACAGGTTTGTCCCTGTCGACCTGCCGTTATGGTGCTC
20,prokaryote,IS3,AP001918,CAGCTGGCAGAACGGGATGAAGAGCTGGCTATCCTCCAAAAGGCCGCGACATACTTCGCGAAGCGCCTGGAATGGAGTATGTCTTTATTGGAAAACATCAGGCTGGGTTCAGCATCAAAGCAATGTGCCGCGTGCTCCGGGTGGCCCGCAGCGGCTGGTATA
21,Beet chlorosis virus,,AF352025,AATGTCTCCTATCCTATTGTCCCCCCGCATCTGTCGGGAAATGGACTGGGCGGCGCCGACCGCCAAACAACCGGCACCTTCGAAAGCATCCAAAGTCAAATGCCCGCTTGTGGAGATTCCTCAAGGCACGATCTTGCTGCGACTCAGCCAAATTTCATGCCC
22,Giardavirus,,L13218,CTTAGTGCCTGGTACTCAGACACAACCTGCGCCATCCCTTTATCCGATCGTGTGGTGGAGATCGTCAATTACGCGGCAATATGGGATCCTACACAGGAAAGACACGCACAGGTTTCGTGTACACATACTTTGGCCCCAATTTCCTTTCGAGCTTTGGCGTGT
23,S.cer. Virus,,M28353,AAGAACTACTGGGGTAGTGTGCGTCGTACTCAGCAGGGTTTGGGAGTGGTGGGTCTTACGATGCCAGCTGTGGTGCCTACCGGAGAACCTACAGCTGGCGCTGCCCACGAAGAGTTGGTGGAACAGGCGGACAATGTTTTGGTGGAGTGGACGTGGTCGAAC
24,trichomonas vaginalis virus,,AF127178,GTCAACTCACCCCTCAAGACATGCGCTGCCTACCAGGGCCCCAGCTTCGCGCCAAAGCCGGGCAGCGCCATGTGGAACGAATGGACCAATGCGGGGGCAGCGTCATCTATCCGCGCTTGGGCACTGCTCGCGCCTGCAGCTTGTCTGCCATTGGTGGGATGG
25,Barley yellow dwarf virus,,X07653,GCCAGGCGGGAACGCATGGACGTGCTTGACTCTGTGGGTTTTTGGAGGGGCTCTGTACCGCCTCTGGTTTTGGGAGCCCATTCCCTATTCTCGGGCTGCCAGAGATTGCGGTCACAGACGGAGCCCGGCTCCGCAAGGTTGGTGGCAATATTGGATACCTTA
26,tmev,,JX443418,CACGATGTGGAAATGAATCCAGGCCCTGTGCAGTCGGTTTTTCAGCCACAAGGTGCGGTGCTGGCTGGATCCCTGGCACCCCAGGCAGGAATCCAAAATCTCCTTCTACGCCTCCTTGGCATGGATGGTGGCTGTTCAGAAGTTGGTGGGGCAATCACGGTC
27,cocksfoot mottle virus,,Z48630,GATGACGAGGACACCCAAGAAACTGCAATCCGGCCTTTAAACTACCAGCGGGCGGGCTCCCTACGGGGCAGTCCGCCCTTGGCCAACTTATCGAGTACGCGGGCTACGTCTGGCGTGGCGAAGGAATCATCAATTCCAACGGCATGCCTTTCCGATCCGCTG
28,white bream virus,,NC_008516,CCATTGCAACAACAATCAAAAACACAGCAGCCGCCTTTAAACTGGTGGGGCAGTGTCTGGGATTGGCGTTGGACACTGCTTTTTGCCCGTTTCAAACAGGTGGATACAAACCGTCATCAAGAGAATTCTACATCAACATTCTCAACAACAATGTGGCCAGTC
29,E. coli,dnaX,AE000153,CAGCAGTTGCAGCGCGTGCAGGGAGCAACCAAAGCAAAAAAGAGTGGACCGGCAGCCGCTACCCGCGCGCGGCCGGTGGATGGCGCTGCGCTGGAAAGACTGGCTTCGGTCACCGATCGCGTTCAGGCGCGTCCGGTGCCATCGGCGCTGGAAAAAGCGCCA
30,lelystad virus,,M96262,ATTAGTCAACTCCAAGGTTTGACCACTGAACAGGCTTTAAACTGTTGGCCGCCAGCGGCTTGGCCCGCTGTGGCCGCGGCGGCCTGGTTGTGGCTGGAACGGCGGTGGAAATTATGGAATACCACAGCAGAACTTTCACCTTGGGCCCTTTGGACCTGGAAG
31,E. coli,,AY183453,ATGGGCGTTGGCCTCAACACGATTTTCCGCCATTTAAAAAACTCAGGCCGCAGTCGGTGGCCTCGCGCATACAGCCGGGCAGTGGCGTCATCGTCTGCGCGGAAATGGACGAACAGTGGGGATACGTCGGGGCTGGATCGCGCCAGCGCTGGCTGTTTTACG
32,avian infectious bronchitis virus,,M95169,TCAGTTGCTGGAGCATCTGATTTTGATAAGAATTATTTAAACGGGTACGGGGTGGCAGTGGGGCTCGGCTGGTACCCCTTGCTGGTGGATGTGGTCCTGGTGTTGTGGAGCGAGCCTTTGGTGTTTGTGGTGGGGAATCAGCTGGTATGTTTCAAAATTTGG
33,S. dysenteriae,orfa,X17613,AAGCTACAACGCATTGAAATGGAGAATGAAATATTAAAAAAGGCTACCGCGCTCTTGGTGTCAGACTCCCTGGACAGTTCTCGATGGTCGGGAAACTCAGAGCGCATTATCCTGTGGTCACACTCTGCCATGTGTTCGGGGTTCATCGCAGCAGCTACAGAT
34,porcine repr and resp syndrome virus,,AF046869,ATTGACAAACTCCAGGGCCTGACTAAGGAGCAGTGTTTAAACTGCTGGCCGCCAGCGGCTTGGCCCGCTGTGGTCGCGGCGGCTTGGTTGTTACTGGGACAGCGGTGGAAATGGTCAAATTTCACAACCGGACCTTCACCCTGGGACCTGTGGATTTGGAAG
35,gill-associated virus,,AF227196,AACGTCACCACTCCCATCCCAGTCAAGCACGAGGCAAATTTTCAGACAAAGCCTCGTCGAGTCTTCCAGTGGATCGTTACCATTACATCAACTCAGCCCCTTTCAACTACACAATCACCAACAAATCACCTGGTGGTGGCTGGGTTGGATTTACTGGGGACA
36,red clover necrotic mosaic virus,,J04357,GAGAACAAGGCTGTTGCCGGGTTCAAATCCCTTGAGGATTTTTGGGCGGCCCACTCAGCTTTCCGGTTGGAGATGCCCCATATCCTATTTTGGGCATCCCGGAAATCAGGGTGGCTGGGAAGCGGGCCAGTGGAGTCATGGAAAGTGGGAGAGTCGTGGGGT
37,E. coli,IS150,X07037,CAAGTTCGATTTCTTGAAACGCGGCTTATGTATCTAAAAAAGCTGGAAGCCTTGGCTCATCCCACGAAAAAGTGGAAGTACTCAACGAGCTGGGGCAGTTTTATCCTCTTGGTGGGCTTCTCAGGGCTGCGGAGATACCGCGCAGTACGTTTTATTATCATC
38,Turnip yellow virus,,X13063,GAAGACATTTTCTTCGAAAGCAAAGAAGATCTGTCGGGAAACGGAGTGCGCGGCACCGTCCGCGGAACAAACGGAGAAGGCAGCTCCACCCCAAAGACAAGCAACGTCGATGGGAAAGAGATGGTGGAGAAAATGGTCTCATCTCTGGTGGGAAAGATGGAT
39,phage,,AJ312240,CGCCTGCTATTGATGTGAATGTAGTGAATAACGCGACACCCTCCGAAACCCCTGCTGGATGGAGCGGGGAATGGCTATTCTACTATGGAAGTTGTGGAGTTGGAAGAAGAACTGGATGGGCGAGGAATCACATATGGCACTTCGGATTTGGAATCTGGCTTA
40,S cerevisiae,tRNA-Cys,M34549,AAGAGGGACATCGCCTGAACGAATGTAGAGCACGTAAGGCGAGTTCTGGCCGATCTTGGACTCGAATCAAAAGACCAACAAACTCCTTTTATCAAAACCTTACCAATTGTACACTATATCGCCATCCCCGAGATGGACAATACCGCCGAAAAAACCATGGAA
41,S cerevisiae,,Z35766 Y13134,AACCGATTCAATTGAAGAATACACACGACCTTCACCTTAGGCCAGGAACTTACTGGATCTACGGTGGATCACACTGGTCATTCTGGTGGTGGACTCCCTGGACACCTCCTTCTTGGTTCAGGAGCATCACGAACCCTTATGGGATCTGCTCATCACATACAC
42,Berne virus,polymerase,X52374,AGGTATGAATTTATAACAACTCTTCCTTTGGGTGATTTAAACTGTTGGGAGGTGCCTGGAGCGCCTGCAGGCATCTCTGTTTTCAAAATGGCGCATACCAGTCTTCAAGGTCAAAACATTATATTGGTTTGGCAACTGGGTATGGTGCAGGCATTGTGGAAG
43,Lactate deh. Elevating virus,,L13298,ATTGAAAGTCTCAATGGATTGCAGCAGGCATCGGCTTTAAACTGCTGGCCACCTCTGGTCTCGACCGCTGTACTGGAGGTGGGCTGGCGGTGTYTGGCGATGCGGTCAAGCTGGTGGGGTATCACTCCCGAACTTTTTCCATTGGAGATGTCAACTTGGARG
44,mouse mammary tumor virus,gag-pol,AF033807,CCACTTCCTCCCTTGGAAACTAATGCTGAAAATTCAAAAAACTTGTGGAGGGGCAGTCCCCTGGCCCCGCTCAAAAGGGGGATGGAGTTGGGGGCTCAGGATTGGATCCTGGAGCCCCACCTTTCACAATACATGGTTTGCCTCGAGGCACCCCTGGAAGTG
45,SIVagm,,NC_001549,CATATGGCAAAAGACTGCAAGAATGGACAGGCAAATTTTTTGGGGTATGGCCATTGGGGAGGAGCGAAACCAAGAAATTTTGTGCAATACAGAGGAGACACAGTTGGTCTGGAACCAACAGCCCCCCCAATGGAAACAGCTTACGATCCAGCAAAGAAGCTC
46,herpes simplex virus,thymidine kinase non functional,JQ352202,CTACCCGGCCGCGCGATACCTTATGGGCAGCATGACCCCCAGGCCGTGCTGGCGTTCGTGGCCCTCATCCCGCCGACCTTGCCCGGCACAAACATCGTGTTGGGGGCCCTTCCGGAGGACAGACACATCGACCGCCTGGCCAAACGCCAGCGCCCCGGCGAG
47,rat,OAZ,D10706,TGCTGTAGTAACCTGGGTCCGGGGCCTCGGTGGTGCTCCTGGTGTCCCTCACCCACCCCTGGAGATCCCAGGTGGGCGAGGGAACAGTCAGCGGGATCACAGTCTTTCAGCTGGCATCCTGTACTCCGACGAGCGGCTGGATGTGGCAGAGGAGCCGACGTC
48,HCV,F protein-10A,HPCJTA,AGACCGTGCACCATGAGCACGAATCCTAAACCTCAAAAAAAAAACAAACGTGGCACCTACCGCCGCCCACAGGACGTCAAGTTCCCGGGCGGTGGTCAGATCGTTGGTGGAGTTTACGTGTTGCCGCGCAGGGGCCCCACGTTGGGTGTGCGCGCGACTGGG
49,danio rerio,oaz,AB017118,TGTAGTAGTACCACTGGTCCAGGGCCTCTGTGGTGCTCCTGGTGCCCCTCACCCACCTCTGGAGATCCCAGGTGGGCGAGGGAACGGAGCACGGGATCACCCATCCACAACACAGACGCTGTACTCCGACAGGAAGTTGGCTGTGGCAGAAGAGCCTGCTGG
50,,,AY607587,TCAGTTACTTCGGTACTACCTGGTAAACATAAATCTTTTCGAAGCTTCCTACGATCTTCTCGATCAAGTGGCGTGTATGGCAAAATTGCCAACTGTATCACAAGGAAACAACAAGGAATGTTCACACGCTCTGGAATGTGTATGCATTGTGGCGTCGGAAAG
51,danio rerio,oaz,AB017117,CGCTGCAGTAACCCGTGTCCGGGGCCTCTGTGGTGTTCCTGGTGTCCCTCTCCCACCCCTGGAGATCCCAGGTGGGCGAGGGAATGGTCAGCGGGATCACAGTCTTTCAGCTGGGCTATTCTATTCTGGTGCTCAGTTACTGGTTCTTGGGGAAGCCCCTCA
52,,,AY029521,GTTTCAGGTACATCATCATCAAACCAGGCGTATTCTTTTCGAAACTATATCCGATCCACTGGATCCGGTGGTGTTATTACCAGATTTGGAAGATGCATCAAGATTGGATCCGAATTGCACTCACCACAAAAAATGTGTGGTGGTACGGACTGGTTTGGATTT
53,human t cell lymphotropic virus 2,,M10060,TTGGATCTCCCTTCCACCTCAGGCACTACTGAGGAAAAAAACTCCTTGGGGGGGGAGATCTGGTCTCCCCCCATCCCGATCAAGACATCTCGATACTCCCACTCATCCCCCTGCGGCAGCAACAGCAACCAATTCTGGGGGTCCGGATCTCCGTTATGGGAC
54,,,FN563987,CAGTCTCCAATCGCAGGAACCAGCAGAAACAAGTCTTTTCGTTCCTATTTACGATCTTCTCGACCAAACCATGTCTATGGCGCGTTGTCCTATTGTATCTCCAAGAAACAGAACGGGTTGTTCACATCAGAAGAAATGTGCATGTCTTATGGTCTCAGATCA
55,,,EU122229,ATTGACTTGAGGCTTGCTTCTGACAAACCCAAGCCCTTTCGTGGCGGGCGCCCGATACTTGGTGCCTGCCCTGGCAACAGCGAACATGGCAGTTCCAGCAATGGCAATGCAAAACTTGGTGGCATCGATCGAAACCAGAGTGGTGGCCCCGACGCCTGCACT
56,human,OAZ2,NM_002537,TGCTGCAGGCACATTGTTCCAGGGCCTCTGTGGTGCTCCTGGTGCCCCTCACCCACTGTCGAAGATCCCCGGTGGGCGAGGGGGCGGCAGGGATCCTTCTCTCTCAGCTCTGGTATATGGGGACGAGAAGCTCACTGTGGCCCAGGACCTCCCTGTGGATGG
57,mouse,OAZ2,NM_010952,TGCTGCAGGCACATTGTTCCAGGGCCTCTGTGGTGCTCCTGGTGCCCCTCACCCACTGTCGAAGATCCCCGGTGGGCGAGGGGGCGGCAGGGATCCTTCTCTCTCAGCTCTGGTATATGGGGACGAGAAGCTCACTGTGGCCCAGGACCTCCCTGTGGACGA
58,Drosophila,OAZ,AF038597,TACCGCATCTCTCTCGGCGTAGGGCCTCTGTGGTGGTCCTGGTGTCCCTGTCCACCACAGAACAGATCACGATGGGGCATCGCTCTTGGCGGGCTACAGCCGTGGGTCTTCGGTCGACTCGGCTGGTGGCAGCCTGTACGAGGCCAGCTCCCGGGCGTCGTC
59,Potato leaf roll virus,,D13953,ACTTCGGCAGAGAAAACTGCCTCACCAAACAAGCCTTTAAATGGGCAAGCGGCACCGTCCGCCAAAACAAACGGCAACTCCAACATCCCCGACGCCGCTACAAGCGCACCACCAATGGACAAAATGGTCGAACAGATCATCACAGCTATGGTGGGGAGAATC
60,,,HQ128706,CTGGACGGCATTGGAGAACCCAAGAAGGCAGGGACTTTTCGCAGCCTCTTGGCAGTCCTCGGTGTTGGACCTTCTGCTCAGACAACCACTCATACGGAGGAGAGAAATGGTGGGGATGGTTCCGGTGGGGAAAGTGGTGTTGCCCGGGGAGAGGAGCCAGAA
61,Human coronavirus 229E,,X69721,GACCGGACTGCTATCCAAAGTTTTGATAACAGTTATTTAAACGAGTCCGGGGCTCTGGTGCCGCTCGACTGGAGCCCTGTGGTGGTACAGACATGGATTACTGTGTCCGTGCATTTGGCGTTTACAATGGAGATGCGTCTTTTATCGGAAAAAATCTGGAGT
62,mouse,edr,AJ006464,ACGTGTCCAGCGAAAGCCTCCAAGAATTCGCCGCCGGGAAACTCCCCGGCCCCGCTGTGGGGGGACCTTCAGCGACAGGGCCAGAACGAATGGGGTCCCCACCCTCCGAGGCTTCGACTCAGCACCTGCAAGTGGTGCTCCAGATTCATATGCCGGGCAGAC
63,,,HM585275,CAGTCTCCAATCGCAGGAACTAGCAGAAACAAGTCTTTTCGTTCCTATTTACGATCTTCTCGACCAAACCATGTCTATGGCGCGTTGTCCTATTGTATCTCCAAGAAACAGAACGGGTTGTTCACATCAGAAGAAATGTGCATGTCTTATGGTCTCAGATCA
64,,,AY144569,ACTTCTGCGTCACCCAGTTCCAGCCGAAGTAAGTCTTTTCGTTCCTACTTACGATCTTCTCGACCAAACCACGTTTATGGCAAAATTTCCACTTGTATCACAAAGAAACAAAATGGGATGTTCTCATCAGAAGAAATGTGTATGCCTTATACTCTCAGAAAA
65,mouse,OAZ1,BC060035,TGCTGTAGTAACCTGGGTCCGGGGCCTCGGTGGTGCTCCTGGTGTCCCTCACCCACCCCTGGAGATCCCAGGTGGGCGAGGGAACAGTCAGCGGGATCACAGTCTTTCAGCTGGCATCCTGTACTCCGACGAGCGGCTGGATGTGGCAGAGGAGCCGACGTC
66,Feline immundeficiency virus,,M25381,GCTGCCAAATGTTGGCAAGGAAATAGAAAGAATTCGGGAAACTGGAAGGCGGGGCGAGCTGCAGCCCCAGTGGATCAAATGCAGCAAGCAGTGGTGCCATCTGCACCTCCAATGGAGGAGAAACTATTGGATTTATGGATTATGGTGGAGTGGGTACTACTA
67,mouse hepatitis virus,,AF029248,ACAGGCTCCCAGTTTCAGTCAAAAGACACGAACTTTTTAAACGGGTTCGGGGTACAAGTGTGGATGCCCGTCTTGTACCCTGTGCCAGTGGCTTGGACACTGGTGTTCAATTGGGGGCATTTGGCATTTGTGGTGCTGGTCGAGCTGGCATTGGTTTGTATT
68,Potato leaf roll virus,,Y07496,ACTTCAGCAGAGAAAACTGCTCCAACAAACAAGCCTTTAAATGGGCGAGCGGCACCGCCCGCCAAAACAAACGGCAACTCCGACATCCCCGACGCCGCTATGGGCGCACCACCAATGGACAAAATGGTCGAACAGATCATCACAGCTATGGTGGGGAGAATC
69,Bovine leukemia virus,,AF033818,TCCCATTGGAAACGAGACTGTCCAACCCTCAAATCAAAAAACTGGTGGAGGGGGGACTTGGCGCCCCCCAAACCGTGGCCCCTATGGCAGATCCTCTTGGTGGGGCCGAATTGGAATGCCTACTTTCTATTCCTCTGGCTCGCAGCCGTCCCTCCGTGGCTG
70,,,HQ888865,TTTGGGCGTAATCCCACAGTCTTCAACCTTGAGCGATTTCGTGCTGGGGCCACGGTTGTTGGTTCCCCCGATCGTGGCCAGTCTGCCGAGGGTGCCAGCCAAGACCATTACGAACATGGTATCAAGTCTTGTGGCGCGAGTGCTGCGTCCAGTTCCTCTCCC
71,,,HM029246,GATCTGACCAGGTATGCCAGGGAGAAGATTCAGTCTTTTCGTGGCTCAGGAAACCAGGGAGGAGTCACCCGTGTTGGAAATCTCTATACGGCAGCAACTGGAGCAGCGATTGGTATCCCTCCCCCTCGAGCTCAGGAAGTTCCACATGGAACAGGTCCCGTT
72,,,HQ871931,TTCGGTCGTAACCCCACCACATTCAATCTGGAGCGATTTCGTGCTGGGGCCTCGACTGTTGGTGCCCCCAGTCCTGGCCAGTCTGCCGAGGGTACCGGCGAAAACGGTGGCCAACATGGTATCAAGCTTGGTGGCCCGAGTCCTTCGACCAGTTCCGTCCCC
73,,,EU122231,ATCGACTTAAGACTTGCTTCTGACAAGCCTAAGCCCTTTCGTGGCGGGCGCCCGATACTTGGTGCCTGCCCTGGCAACAGCGAACATGGCAGTTCCAGCAATGGCAATGCAAAACCTGGTGGCATCGATCGAAACCAGAGTGGTGGCTCCGACGCCTGCACT
74,,,AJ409147,AATTCCATATCACCCAGTTCCAGTCGAAGTAAGTCTTTTCGTTCCTACTTACGATCTTCTCGACCAAACCACATTTATGGCAAAATTTCCGCTTGTATCGCAAAGAAACAAAATGGGATGTTCTCATCAGAGGAAATGTGTATGCCTTATACTCTCAGAAAA
75,,,FN563993,CAGTCTCCAATCGCAGGAACTAGCAAAAACAAGTCTTTTCGTTCCTATTTACGATCTTCTCGACCAAACCATGTCTATGGCGCGTTGTCCTATTGTATCTCCAAGAAACAGAACGGGTTGTTCACATCAGAAGAAATGTGCATGTCTTATGGTCTCAGATCA
