,maxseq,structfull,MFEfull,struct20,struct40,struct60,structafterslip,structfromfull,structfrom20,structfrom40,structfrom60
nsp2f,tgcatcggatttttctagtcgagtgagcacgagctggagttggaaaggccttatgctttccggcacccgtctcgcggggtctgctggtcagcgcctcatgacatgggtttttgaagtttactcccatctcccagcttttatactcacacttttctcgccgcggggctctatggctccaggcgattggttgtttgcaggtgttgttttacttgctctcttgctctgtcgttcttacccaatactcggatgccttcccttactgggtgtcttctctggttctttgcggcgtgttcgtctgggtg,.............(((((.((((((((...(((((((.(((((((((........)))))))))((((((.(((.(((((..(((....)))))))).))).))))))......................))))))).....)))))......(.((((((((((((....)))))).((((((.(((.....(((((((......)))))))......)))..))))))..((((((.((...(((.....)))..)).))))))................)))))).).))).)))))..,-26.6000003815,((..(((((.(((((((.(((((((((........)))))))))((((((.(((.(((((..(((....)))))))).))).))))))......................)))))))........(((((....(((((..((((((....)))))).)))))..)).)))..(((((((......))))))).....)))))..)).....((((((.((...(((.....)))..)).))))))................,.((.(((((.....(((..(((((((((((...)))))...))))))..))).....(((((((((((....((((((..............))))))...)))))........(((((..((((((....)))))).)))))..(((.....(((((((......)))))))......))).))))))......((.......))..))))).))......,((((((((((...)))))....((((((((........))))(((((...............)))))....))))...................(((((..((((((....)))))).)))))..(((.....(((((((......)))))))......))).)))))..............,...................(((((..................(((((..((((((....)))))).)))))..)))))...(((((((......)))))))...................,..................))))))).....)))))......(.((((((((((((....)))))).((((((.(((.....(((((((......)))))))......)))..))))))..,..................)))))))........(((((....(((((..((((((....)))))).)))))..)).)))..(((((((......))))))).....)))))..)).....,((((((..............))))))...)))))........(((((..((((((....)))))).)))))..(((.....(((((((......)))))))......))).))))))...,..........)))))....))))...................(((((..((((((....)))))).)))))..(((.....(((((((......)))))))......))).)))))....
ccr5,tcaactcttgacagggctctattttataggcttcttctctggaatcttcttcatcatcctcctgacaatcgataggtacctggctgtcgtccatgctgtgtttgctttaaaagccaggacggtcacctttggggtggtgacaagtgtgatcacttgggtggtggctgtgtttgcgtctctcccaggaatcatctttaccagatctcaaaaagaaggtcttcattacacctgcagctctcattttccatacagtcagtatcaattctggaagaatttccagacattaaagatagtcatcttgg,.........((..((((.((((...))))))))..))(((((((((((((((((((((((..((((....(((((........)))))((((..(((..............)))..)))).)))).....))))))))))((((((....))))))((((.((((((((((((((.........((((......)).))((((((........))))))..........)))))............))))))))).))))......))))))..))))))).....(((((....)))))..,-36.9000015259,.................(((((((((((((((((((((((..((((....(((((........)))))((((..(((..............)))..)))).)))).....))))))))))((((((....))))))((((.((((((((((((((.........((((......)).))((((((........))))))..........)))))............))))))))).))))......))))))..))))))).,(((.............)))...............(((((.((((((((((((..(((..............)))..)))))((((((........))))))(((.(((((..((((((.((.(((.((....))))).)))))))).))))))))....((((((........)))))).............................))))))))))))..,((((........)))).....(((((((((((..(((..............)))..)))))((((((........))))))(((.(((((..((((((.((.(((.((....))))).)))))))).))))))))....((((((........))))))...........))))))......,((.((.(((((((((.((.(((((((.((....)).))))))).)).))))))))).)).))........((((..........(((...(((.....))).)))..........)))).,))..)))).)))).....))))))))))((((((....))))))((((.((((((((((((((.........((((......)).))((((((........))))))..........))),))..)))).)))).....))))))))))((((((....))))))((((.((((((((((((((.........((((......)).))((((((........))))))..........))),))..)))))((((((........))))))(((.(((((..((((((.((.(((.((....))))).)))))))).))))))))....((((((........)))))).............,))..)))))((((((........))))))(((.(((((..((((((.((.(((.((....))))).)))))))).))))))))....((((((........))))))...........))
sars,ACTTAGAAACACAGTCTGTACCGTCTGCGGAATGTGGAAAGGTTATGGCTGTAGTTGTGACCAACTCCGCGAACCCTTGATGCAGTCTGCGGATGCATCAACGTTTTTAAACGGGTTTGCGGTGTAAGTGCAGCCCGTCTTACACCGTGCGGCACAGGCACTAGTACTGATGTCGTCTACAGGGCTTTTGATATTTACAACGAAAAAGTTGCTGGTTTTGCAAAGTTCCTAAAAACTAATTGCTGTCGCTTCCAGGAGAAGGATGAGGAAGGCAATTTATTAGACTCTTACTTTGTAGTTAA,......((((.((((((((((((....)))...(((((..(((((((((....)))))))))...)))))((((((((((((((.((....))))))))))...........))))))((((((((((.((.....))))))))))))(((((((((.........))).)))))).)))))(((((((..............)))))))))))))))((((((((...........(((((((.((.(.(((.......))).)..)).)))))))............)))))))).....,-34.5,.....(((((((((((((..(((((((((....)))))))))...)))))((((((((((((((.((....))))))))))...........))))))((((((((((.((.....))))))))))))(((((((((.........))).))))))...((((((((((..............))))))).))))))))))).((((......))))(((((((.((.(.(((.......))).)..)).))))))).....,(((((((((....)))))))))..((((((((((((((((((((.((....))))))))))...........))))))))((((((((.((.....))))))))))..(((((((((.........))).))))))....((((.(((((....(((((((......)))).))).....))))).))))...........((....)).....))))....,........((((((((((((((((.((....))))))))))...........))))))))((((((((.((.....))))))))))..(((((((((.........))).))))))....((((.(((((....(((((((......)))).))).....))))).))))............,......((((((((((.((.....))))))))))))(((((((((.........))).))))))....((((.(((((....(((((((......)))).))).....))))).))))..,))))))((((((((((.((.....))))))))))))(((((((((.........))).)))))).)))))(((((((..............)))))))))))))))((((((((......,))))))((((((((((.((.....))))))))))))(((((((((.........))).))))))...((((((((((..............))))))).))))))))))).((((.....,))))))))((((((((.((.....))))))))))..(((((((((.........))).))))))....((((.(((((....(((((((......)))).))).....))))).))))..,))))))))((((((((.((.....))))))))))..(((((((((.........))).))))))....((((.(((((....(((((((......)))).))).....))))).))))..
siv,AGAGGGACACTCTGCAAGGCAATGCAGAGCCCCAAGAAGACAGGGATGCTGGAAATGTGGAAAAATGGACCATGTTATGGCCAAATGCCCAGACAGACAGGCGGGTTTTTTAGGCCTTGGTCCATGGGGAAAGAAGCCCCGCAATTTCCCCATGGCTCAAGTGCATCAGGGGCTGATGCCAACTGCTCCCCCAGAGGACCCAGCTGTGGATCTGCTAAAGAACTACATGCAGTTGGGCAAGCAGCAGAGAGAAAAGCAGAGAGAAAGCAGAGAGAAGCCTTACAAGGAGGTGACAGAGGATT,...(((.(.(((((...((((..(((.((((((.(((((((..(..(((((....((.((.....(((.((((...)))))))....))))..))).))..)..)))))))..(((((((.(((((((((((...((...))..))))))))))).))))).))....))))))..)))....))))....)))))).))).(((.....((((((......((...(((.(((.....))).)))...))...)))))).....))).....(..(((((.....)))))..)........,-46.2000007629,...(((.((((((.(((((((..(..(((((....((.((.....(((.((((...)))))))....))))..))).))..)..)))))))..(((((((.(((((((((((...((...))..))))))))))).))))).))....))))))..)))...(((((..((((....((...(((((((.(((.....))).))))).)).))))))..)))))......................((........))....,......(((((..............(((.((((...)))))))..(((((((..........(((((((((.((.(((((.(((((((((((...((...))..))))))))))).))))).(((((((...)))))))..........)).))))))))).(((((((.(((.....))).))))).))..)))))))..)))))................,.....(((.((((...)))))))..(((((((..........(((((((((.((.(((((.(((((((((((...((...))..))))))))))).))))).(((((((...)))))))..........)).))))))))).(((((((.(((.....))).))))).))..)))))))...,.(((((((.(((((((((((...((...))..))))))))))).))))).))..(((.(((....)))..))).(((......)))....(((((((.(((.....))).))))).))..,.(((((((.(((((((((((...((...))..))))))))))).))))).))....))))))..)))....))))....)))))).))).(((.....((((((......((...(((.(,.(((((((.(((((((((((...((...))..))))))))))).))))).))....))))))..)))...(((((..((((....((...(((((((.(((.....))).))))).)).),((.(((((.(((((((((((...((...))..))))))))))).))))).(((((((...)))))))..........)).))))))))).(((((((.(((.....))).))))).))..,((.(((((.(((((((((((...((...))..))))))))))).))))).(((((((...)))))))..........)).))))))))).(((((((.(((.....))).))))).))..
srvl,AACAAAGGCTCCTGGACTCTGTCCCAGGTGTAAAAGAGGGAAACATTGGGCCAATGAATGCAAATCCAAAACTGATAGTCAAGGAAACCCACTACCACCCCATCAGGGAAACGGACTGAGGGGCCAGCCCCAGGCCCCGAAACAAGCTTATGGGGCGGTCAGCTTTGTTCCAGCCAACAAAAACAACCCATTTCAAAGCTTACCAGAGCCACCCCAGGAAGTGCAGGATTGGACCTCAGTTCCACCTCCCACACAGTATTAACACCGGAAATGGGGCCCCAAGCGTTAAGCACTGGAATATA,......((((((.((((...))))..(((((....((((.....(((((((((((...((((..(((.....((.((((...((....)))))).))((((.((((.........))))))))...(((((((((..........)))..))))))(((.(((((((..........................))))))).)))............)))..))))..))))).)).))))....)))).............)))))......))))))(((.((.....))..)))......,-34.9000015259,(((((((((((....((((.....(((((((((((...((((..(((.....((.((((...((....)))))).))((((.((((.........))))))))...(((((((((..........)))..))))))(((.(((((((..........................))))))).)))............)))..))))..))))).)).))))....)))).............))))).....)))))).....,......((((.....((((.....(((((..(((.(((((..((....))........(((....))).....))))).((((((.......)))))).......((((.(((((.(((((((((((..........................))))))).....)).)).)))))..)))).)))..))))).....)))).....))))...........,............((.((((...((....)))))).)).(((....)))....(((((((((((((.......))))((((..(..((((.(((((.(((((((((((..........................))))))).....)).)).)))))..))))...)..)))).))))))))),((.(((.(((.....)))))).))((((..(..((((.(((((.(((((((((((..........................))))))).....)).)).)))))..))))...)..)))),...))))))))...(((((((((..........)))..))))))(((.(((((((..........................))))))).)))............)))..))))..))))),...))))))))...(((((((((..........)))..))))))(((.(((((((..........................))))))).)))............)))..))))..))))),.))))).((((((.......)))))).......((((.(((((.(((((((((((..........................))))))).....)).)).)))))..)))).)))..)))),(((((((((((((.......))))((((..(..((((.(((((.(((((((((((..........................))))))).....)).)).)))))..))))...)..))))
plrv,AGAGGCTGCAACAAATGCGCCCGCAGAGAAAACTGCTCAAACAAACTCAGCAGAGAAGACTGCTCCATCAACTTCAGCAGAGAAAACTGCTCTAACAAACAAGCCTTTAAATGGGCAAGCGGCACCGTCCGCCAAAACAAACGGCAACTCCGACATCCCCGACGCCGCTACAAGCGCACCACCAATGGACAAAATGGTCGAACAGATCATCACAGCTATGGTGGGGAGAATCAATCTCTCGGAGATAGAGGAGAAGATAGTGAGCAGGGTGTCTCAGAAAGCCCTGCAGAAGCCCAAACAAA,((((((((((.....)))....((((......))))............(((((......)))))...........(((((......)))))..........)))))))...(((((..(((....)))..(((.........)))..((((...(((.(((..((.(((...))))).((((((.(((.....((((((.....)))))).....)))))))))(((((.....)))))))).)))...))))..........(((((((..........)))))))....)))))......,-32.7000007629,.....((((...(((((((.........(((((......)))))...........(((((......)))))...........((((......))))..(((....)))..(((.........)))..((((...(((.(((..((.(((...))))).((((((.(((.....((((((.....)))))).....)))))))))(((((.....)))))))).)))...)))).......)))))))....)))).......,........(((((......)))))......((((((((((......)))))...........((((......))))..(((....)))..(((.........)))..((((...(((.(((..((.(((...))))).((((((.(((.....((((((.....)))))).....)))))))))(((((.....)))))))).)))...))))..)).))).,..((((.........(((((......)))))...........((((......)))).((((((..((...(((.........)))..............))..)))))).........((((((.(((.....((((((.....)))))).....)))))))))))))..............,(.((.((((((..((...(((.........)))..............))..))))))....)).).((((((.(((.....((((((.....)))))).....)))))))))........,((((..(((....)))..(((.........)))..((((...(((.(((..((.(((...))))).((((((.(((.....((((((.....)))))).....)))))))))(((((...,))))..(((....)))..(((.........)))..((((...(((.(((..((.(((...))))).((((((.(((.....((((((.....)))))).....)))))))))(((((...,))))..(((....)))..(((.........)))..((((...(((.(((..((.(((...))))).((((((.(((.....((((((.....)))))).....)))))))))(((((...,)))).((((((..((...(((.........)))..............))..)))))).........((((((.(((.....((((((.....)))))).....)))))))))))))....
oaz,CACCATGCCGCTCCTAAGCCTGCACAGCCGCGGCGGCAGCAGCAGTGAGAGTTCCAGGGTCTCCCTCCACTGCTGTAGTAACCCGGGTCCGGGGCCTCGGTGGTGCTCCTGATGCCCCTCACCCACCCCTGAAGATCCCAGGTGGGCGAGGGAATAGTCAGAGGGATCACAATCTTTCAGCTAACTTATTCTACTCCGATGATCGGCTGAATGTAACAGAGGAACTAACGTCCAACGACAAGACGAGGATTCTCAACGTCCAGTCCAGGCTCACAGACGCCAAACGCATTAACTGGCGAACA,................((((((.((.((((...)))).(((((((((.(((.....((....)))))))))))))).....((((....)))).((((.(((((.((.(((((..(((((.((((((...((...))...)))))).)))))....))))).)).))))).....(((((((...(((((.......)))))..))))))).......)))).......(((....)))..((((..((...))..))))..)).))))))......(((((...........)))))....,-33.7000007629,......((((...)))).(((((((((.(((.....((....))))))))))))))........(((((.(((((((..(((((.((.(((((..(((((.((((((...((...))...)))))).)))))....))))).)).))))).....(((((((...(((((.......)))))..))))))).........(((.......)))...(((..((((..((...))..))))..))).)))))).).))).)).,(((((((.(((.....((....)))))))))))).......((((....)))).((((.(((((.((.(((((..(((((.((((((...((...))...)))))).)))))....))))).)).))))).....(((((((...(((((.......)))))..))))))).......)))).......(((....)))..((((..((...))..))))..,...((((((((((((..((..((((....))))))..))))))))((((((((..(((((.((((((...((...))...)))))).)))))....))))).)))..........(((((((...(((((.......)))))..))))))).......)))).......(((....)))...,...(((((.((((((...((...))...)))))).)))))..((((..(((((((....))))))).))))...(((((....((((...))))..)))))...................,(..(((((.((((((...((...))...)))))).)))))....))))).)).))))).....(((((((...(((((.......)))))..))))))).......)))).......(((,(..(((((.((((((...((...))...)))))).)))))....))))).)).))))).....(((((((...(((((.......)))))..))))))).........(((.......)),(..(((((.((((((...((...))...)))))).)))))....))))).)).))))).....(((((((...(((((.......)))))..))))))).......)))).......(((,(..(((((.((((((...((...))...)))))).)))))....))))).)))..........(((((((...(((((.......)))))..))))))).......)))).......(((
herpes,GGAGCTCACATGCCCCGCCCCCGGCCCTCACCCTCATCTTCGACCGCCATCCCATCGCCGCCCTCCTGTGCTACCCGGCCGCGCGATACCTTATGGGCAGCATGACCCCCCAGGCCGTGCTGGCGTTCGTGGCCCTCATCCCGCCGACCTTGCCCGGCACAAACATCGTGTTGGGGGCCCTTCCGGAGGACAGACACATCGACCGCCTGGCCAAACGCCAGCGCCCCGGCGAGCGGCTTGACCTGGCTATGTTGGCCGCGATTCGCCGCGTTTACGGGCTGCTTGCCAATACGGTGCGGTAT,((.((......)).))(((...))).................(((((.........((((.........((..((((...(((((...((....)).(((((((.((.....)).)))))))(((.((((((((..(((...((((......((((((((.......))))))))(((((((((((.((..............(((.((((.....))))))))))))).))).)))).....)))).)))..))))))))..))))))))...))))..)).........)))))))))..,-50.5,.((((((..................(((.....(((((((.((.............)).)).)))))........)))((((((.((.....)).))))))((((.((((((((..(((...((((......((((((((.......))))))))(((((((((((.((..............(((.((((.....))))))))))))).))).)))).....)))).)))..))))))))..))))........)))))).,....((((.....(((((((.((.............)).)).))))).((....))..((((((.((.....)).)))))))))).((((((((..(((...((((......((((((((.......))))))))(((((((((((.((..............(((.((((.....))))))))))))).))).)))).....)))).)))..)))))))).,.........(((((...((((((((...(((...(((((...)).)))...))).))))).)))....))))).........((((..((((((((((((.......))))))(((((.....(((..((........))..))).(((((.....))))).))))))))))))))).....,.((((((((((((((.((((........))))........((((((((.......))))))))((((....(((..((........))..)))...)))).)))))))))))...)))..,)).)))))))(((.((((((((..(((...((((......((((((((.......))))))))(((((((((((.((..............(((.((((.....))))))))))))).)),)).))))))((((.((((((((..(((...((((......((((((((.......))))))))(((((((((((.((..............(((.((((.....))))))))))))).)),)).)))))))))).((((((((..(((...((((......((((((((.......))))))))(((((((((((.((..............(((.((((.....))))))))))))).)),)).))))).)))....))))).........((((..((((((((((((.......))))))(((((.....(((..((........))..))).(((((.....))))).))))))))))
peg10,GGAAGAAAAAGAAAGACGCAGAAAGCTGAACCTGTGCCTCTACTGTGGAACAGGAGGTCACTACGCTGACAATTGTCCTGCCAAGGCCTCAAAGTCTTCGCCGGCGGGAAACTCCCCGGCCCCGCTGTAGAGGGACCTTCAGCGACCGGGCCAGAAATAATAAGGTCCCCACAAGATGATGCCTCATCTCCACACTTGCAAGTGATGCTCCAGATTCATCTTCCGGGCAGACACACCCTGTTCGTCCGAGCCATGATCGATTCTGGTGCTTCTGGCAACTTCATTGATCACGAATATGTTGC,..................(((((.((((((...((.(((((((.((((.....((((((.....((.(((....)))..))...)))))).........(((((.(((....)))))))).)))).))))))).)).))))))....(((((...........))))).....((((((....))))))...((((....))))..((.(((((.(((((..((((((.((((.....)))).))))).)....))).)).))))).)))))))(((((....(((....)))....))))),-33.4000015259,....((((((...((.(((((((.((((.....((((((.....((.(((....)))..))...)))))).........(((((.(((....)))))))).)))).))))))).)).))))))......(((((((.......((...))...((((((....))))))...((((....))))..((.(((((.(((((..((((((.((((.....)))).))))).)....))).)).))))).)))))))))......,....(((((.(.((((((((((..((.(((....)))..)).(((((......))))).(((((.(((....))))))))..(((((.((......)).)))))...(((((...........))))).....((((((....))))))...........)))))).)))).).)))))....(((((.((((.....)))).)))))..............,.............((((.(((((((((......))))).(((((.(((....))))))))..(((((.((......)).)))))...(((((...........)))))....(((((((..(.....(..(((........)))..).....)..)))))))...)))))))).........,.....((((((((((.((......)).)))))...)))))............((((((..(((((((..(.....(..(((........)))..).....)..)))))))..)))..))),)))))))).)))).))))))).)).))))))....(((((...........))))).....((((((....))))))...((((....))))..((.(((((.(((((..((((((.(((,)))))))).)))).))))))).)).))))))......(((((((.......((...))...((((((....))))))...((((....))))..((.(((((.(((((..((((((.(((,))))))))..(((((.((......)).)))))...(((((...........))))).....((((((....))))))...........)))))).)))).).)))))....(((((.(((,))))))))..(((((.((......)).)))))...(((((...........)))))....(((((((..(.....(..(((........)))..).....)..)))))))...)))))))
rous,AGACGGGTCTTTGGAGCGACCCCTGCTCCTCTTCCCCGCAGTAGCTATGGTTAGAGGGAGTATCCTAGGAAGAGATTGTCTGCAGGGCCTAGGGCTCCGCTTGACAAATTTATAGGGAGGGCCACTGTTCTCACTGTTGCGCTACATCTGGCTATTCCGCTCAAATGGAAGCCAGACCACACGCCTGTGTGGATTGACCAGTGGCCCCTCCCTGAAGGTAAACTTGTAGCGCTAACGCAATTAGTGGAAAAAGAATTACAGTTAGGACATATAGAACCTTCACTTAGTTGTTGGAACACACC,...((((.....((((((.....)))))).....))))(((((((((.((((((..(((((..((((((...(((...)))......)))))))))))..)))))........((((((((((((((.((....(((......)))(((((((..((((......)))))))))))((((((....))))))...)).)))))).))))))))((((((....((((((..(((((..((((..(.....)..))))...)))))..).))))).)))))).).))))))))).........,-52.2000007629,.(((((((((((..((.((....))...))..))).))))).....)))..(((.(((((.((.(((((...))))).))..))))).)))..((((((((((((((.((....(((......)))(((((((..((((......)))))))))))((((((....))))))...)).)))))).))))))))((((((....((((((..(((((..((((..(.....)..))))...)))))..).))))).)))))).,.........(((((..(((((..((((((...(((...)))......)))))))))))..))))).......(((((((((((((((.((....(((......)))(((((((..((((......)))))))))))((((((....))))))...)).)))))).)))))))))...((((.(((....((((((.....))))))....)))..))))...,...............(((((.((.(((((...))))).))..)))))((((.(((((((((((((((.((....(((......)))(((((((..((((......)))))))))))((((((....))))))...)).)))))).))))))))).)))).........(((....)))....,(((((((((((((((.((....(((......)))(((((((..((((......)))))))))))((((((....))))))...)).)))))).)))))))))(((.....))).......,.((((((((((((((.((....(((......)))(((((((..((((......)))))))))))((((((....))))))...)).)))))).))))))))((((((....((((((..(,.((((((((((((((.((....(((......)))(((((((..((((......)))))))))))((((((....))))))...)).)))))).))))))))((((((....((((((..(,(((((((((((((((.((....(((......)))(((((((..((((......)))))))))))((((((....))))))...)).)))))).)))))))))...((((.(((....(((,(((((((((((((((.((....(((......)))(((((((..((((......)))))))))))((((((....))))))...)).)))))).))))))))).)))).........(((.
hcv,GTGTTGGGTCGCGAAAGGCCTTGTGGTACTGCCTGATAGGGTGCTTGCGAGTGCCCCGGGAGGTCTCGTAGACCGTGCACCATGAGCACGAATCCTAAACCTCAAAGAAAAACCAAACGTAACACCTACCGCCGCCCACAGGACGTCAAGTTCCCGGGCGGTGGTCAGATCGTTGGTGGAGTTTACGTGTTGCCGCGCAGGGGCCCCACGTTGGGTGTGCGCGCGACTAGGAAGACTTCCGAACGGTCGCAACCTCGTGGAAGGCGACAACCTATCCCCAAGGCTCGCCGACCCGAGGGTAG,.(.(((((((((((...((((((.((........(((((((((((((.(.((((.....(.(((((...))))).)))))).)))))))....................................((((((((((((...((((.....))))..)))))))))).))..((((.(.(((((((.(..(((((.(((((...((((......)))).))))))))))..)..)))))))).))))(((((..((....))...)))))..))))))))))))))))).)))))))).)....,-51.2000007629,....(((...))).(((((((((((((.(.((((.....(.(((((...))))).)))))).)))))))....................................((((((((((((...((((.....))))..)))))))))).))..((((.(.(((((((.(..(((((.(((((...((((......)))).))))))))))..)..)))))))).))))(((((..((....))...)))))..))))))......,(((((....))))).(((.(((((.........(((((.......))))).....................................((((((((((...((((.....))))..))))))))))..(((((((.(.(((((((.(..(((((.(((((...((((......)))).))))))))))..)..)))))))).)))))))...))))).)))..,.(((((...)))))((((.......))))......................(((((.((......((((((((((((...((((.....))))..)))))))))).))..)))))))(((((((.(..(((((.(((((...((((......)))).))))))))))..)..)))))))...,....((((((((((.((((((((((...((((.....))))..)))))))))).........))))....))))))(((((.(((((...((((......)))).)))))))))).....,.............((((((((((((...((((.....))))..)))))))))).))..((((.(.(((((((.(..(((((.(((((...((((......)))).))))))))))..)..,.............((((((((((((...((((.....))))..)))))))))).))..((((.(.(((((((.(..(((((.(((((...((((......)))).))))))))))..)..,...............((((((((((...((((.....))))..))))))))))..(((((((.(.(((((((.(..(((((.(((((...((((......)))).))))))))))..)..,((((.((......((((((((((((...((((.....))))..)))))))))).))..)))))))(((((((.(..(((((.(((((...((((......)))).))))))))))..)..
herv,TACAACAGGTAGAGAGCCACCTGACTTATGTCCAAGATGTAAAAAAGGAAAACATTGGGCTAGTCAATGTCGTTCTAAATTTGATAAAAATGGGCAACCATTGTCGGGAAACGAGCAAAGGGGCCAGCCTCAGGCCCCACAACAAACTGGGGCATTCCCAATTCAGCCATTTGTTCCTCAGGGTTTTCAGGGACAACAACCCCCACTGTCCCAAGTGTTTCAGGGAATAAGCCAGTTACCACAATACAACAATTGTCCCTCACCACAAGCGGCAGTGCAGCAGTAGATTTATGTACTATACA,........((((((((((.(((((((((((((...)))))))...((((..(((((((.....)))))))..))))............(((((....)))))))))))....(((((((((((((.......)))))).........((((.....)))).........))))))).....))))))).(((........)))(((((((.(..(((....(((((........((.........))........)))))...)))..).)))))))....((((........)))).))).,-34.7000007629,.(((((...(((((..((((...........))))))))).))))).(((((((..............(((((....))))).(((.....))).....((((((.......))))))......((((((...((((((...........((((((((..........)))))))).......((((......)))).....))))))...))))))...(((((......)))))...........)))))))........,.....(((...(((((((.....))))))).((((....(((((((...((((....)))))))))))....))))...((((((.......))))))......((((((...((((((...........((((((((..........)))))))).......((((......)))).....))))))...))))))...(((((......))))).)))..,...........((((....(((((((...((((....)))))))))))....))))...((((((.......))))))......((((((...((((((...........((((((((..........)))))))).......((((......)))).....))))))...)))))).....,.......((((((.......)))))).........((((.....)))).........(((((((((..(((......((((((...........))))))......))).))))))))).,(((((((((((((.......)))))).........((((.....)))).........))))))).....))))))).(((........)))(((((((.(..(((....(((((......,)).....((((((.......))))))......((((((...((((((...........((((((((..........)))))))).......((((......)))).....))))))...),))))...((((((.......))))))......((((((...((((((...........((((((((..........)))))))).......((((......)))).....))))))...),))))...((((((.......))))))......((((((...((((((...........((((((((..........)))))))).......((((......)))).....))))))...)
influenza,GGCTACTAAAGCAGACTACACCCTTGATGAAGAAAGTAGGGCAAGGATCAAAACCAGACTATTCACCATAAGGCAAGAGATGGCCAGTAGAGGCCTCTGGGATTCCTTTCGTCAGTCCGAGAGAGGCGAAGAGACAATTGAAGAAAGATTTGAAATTACAGGAACCATGCGCAGGCTCGCTGACCAAAGTCTCCCACCGAACTTCTCCAGCCTTGAAAACTTTAGAGCCTATGTGGATGGATTCGAACCGAACGGCTGCATTGAGGGCAAGCTTTCTCAAATGTCCAAAGAAGTAAATGCAA,..........(((...(((..(((((.((..((((((..((............))..))).)))..)))))))....(((.((((......)))))))((....))(((((((..((...))..))))))).((((.((((.(((((.((((...(((((((((((((.(((((((((((((....((((.((.....))))))...)))).............)))))..)))).)))).)))...((....)))))...)))...))))))))))))).)))).......)))..)))..,-19.7000007629,(((((((((.((...((..((...(((((..........(((((((.(((.(((.((((..((((......))))(((.(((((.........))))).)))(((((...((((...(((..(..((((((.......(((((.((.......)).)).)))....))))))..)..)))...))))..))))).....))))...))))))))))))))))))...))..))..)).)))))))))...............,(((.(...........((..((((((((((((((.((((..((((......))))(((.(((((.........))))).)))(((((...((((...(((..(..((((((.......(((((.((.......)).)).)))....))))))..)..)))...))))..))))).....))))...)))).))))).)))))))...........))))...,((((((((((((((.((((..((((......))))(((.(((((.........))))).)))(((((...((((...(((..(..((((((.......(((((.((.......)).)).)))....))))))..)..)))...))))..))))).....))))...)))).))))).))))),.(((......(((((...((((...(((..(..((((((.......(((((.((.......)).)).)))....))))))..)..)))...))))..)))))....)))...........,(..((...))..))))))).((((.((((.(((((.((((...(((((((((((((.(((((((((((((....((((.((.....))))))...)))).............)))))..),.))))).)))(((((...((((...(((..(..((((((.......(((((.((.......)).)).)))....))))))..)..)))...))))..))))).....))))...)))))),.))))).)))(((((...((((...(((..(..((((((.......(((((.((.......)).)).)))....))))))..)..)))...))))..))))).....))))...)))).),.))))).)))(((((...((((...(((..(..((((((.......(((((.((.......)).)).)))....))))))..)..)))...))))..))))).....))))...)))).)
htcl,GTACCTCCCTGAGGCAAAAAGGCCGCCTGTAATCTTGCCAATACAGGCGCCAGCTGTCCTTGGGCTAGAACACCTCCCAAGGCCCCCCGAAATCAGCCAGTTCCCTTTAAACCAGAACGCCTCCAGGCCTTGCAACACTTGGTCCGGAAGGCCCTGGAGGCAGGCCATATCGAACCCTACACCGGGCCAGGAAATAACCCAGTATTCCCAGTTAAAAAAGCCAATGGAACCTGGCGATTCATCCACGACCTGCGGGCCACTAACTCTCTAACCATAGATCTCTCATCATCTTCCCCCGGGCC,...((((...))))......(((.(((((((..........))))))))))......(((((((..((.....)))))))))...((((.((((.(((((((((..............(((((((((((((.(.((.....))..).)))).))))))))).((((..................)))).((.((((......)))).))................)))).))))))))).......((.(((.((................)).))).))................))))..,-34.0,(((.(((((((..........))))))))))......(((((((..((.....)))))))))........((((.(((((((((..............(((((((((((((.(.((.....))..).)))).))))))))).((((..................)))).((.((((......)))).))................)))).))))))))).......((.(((.((................)).))).))..,.....(((.((.((.(((((((((..((.....)))))))).........((((.(((((((((..............(((((((((((((.(.((.....))..).)))).))))))))).((((..................)))).((.((((......)))).))................)))).))))))))).......)))..)))))))....,.(((((..............))))).....((((.(((((((((..............(((((((((((((.(.((.....))..).)))).))))))))).((((..................)))).((.((((......)))).))................)))).)))))))))...,......(((((((((((((.(.((.....))..).)))).)))))))))(((((((......(((......)))...((.((((......)))).))..............))))..))),......(((((((((((((.(.((.....))..).)))).))))))))).((((..................)))).((.((((......)))).))................)))).)),......(((((((((((((.(.((.....))..).)))).))))))))).((((..................)))).((.((((......)))).))................)))).)),......(((((((((((((.(.((.....))..).)))).))))))))).((((..................)))).((.((((......)))).))................)))).)),......(((((((((((((.(.((.....))..).)))).))))))))).((((..................)))).((.((((......)))).))................)))).))
hiv,AGAAGGGCACACAGCCAGAAATTGCAGGGCCCCTAGGAAAAAGGGCTGTTGGAAATGTGGAAAGGAAGGACACCAAATGAAAGATTGTACTGAGAGACAGGCTAATTTTTTAGGGAAGATCTGGCCTTCCTACAAGGGAAGGCCAGGGAATTTTCTTCAGAGCAGACCAGAGCCAACAGCCCCACCAGAAGAGAGCTTCAGGTCTGGGGTAGAGACAACAACTCCCCCTCAGAAGCAGGAGCCGATAGACAAGGAACTGTATCCTTTAACTTCCCTCAGGTCACTCTTTGGCAACGACCCCT,...((((......((((((..(((.((((.....((((....((((((((((...(.(((...((.......))...((((((((((..(((.....)))..))))))))))(((((((((((((((((((....)))))))))))...)))))))).........))).).))))))))))..((.((((....)))).))(((((((..(((.......)))..))))))).((((...((.........))..)))).)))).......))))))).......))))))......)))),-42.7000007629,.(((.((((.....((((....((((((((((...(.(((...((.......))...((((((((((..(((.....)))..))))))))))(((((((((((((((((((....)))))))))))...)))))))).........))).).))))))))))..((.((((....)))).))(((((((..(((.......)))..))))))).((((...((.........))..)))).)))).......)))))))...,..((((((((((...(.(((...((.......))...((((((((((..(((.....)))..))))))))))(((((((((((((((((((....)))))))))))...)))))))).........))).).)))))))))).(((.((((....)))).)))((((((..(((.......)))..))))))..((((...((.........))..))))..,...((..((...((...((((((((((..(((.....)))..))))))))))))(((((((((((((((((....))))))))))))......)))))...((........)).......))..))........(((((...(((((((..(((.......)))..)))))))....))))),(((.....(((((((((((....)))))))))))(((....))).....((........)).....((((((((.((((....)))).)))..))))).(((.......))).)))....,(((((((((((((((((((....)))))))))))...)))))))).........))).).))))))))))..((.((((....)))).))(((((((..(((.......)))..)))))),(((((((((((((((((((....)))))))))))...)))))))).........))).).))))))))))..((.((((....)))).))(((((((..(((.......)))..)))))),(((((((((((((((((((....)))))))))))...)))))))).........))).).)))))))))).(((.((((....)))).)))((((((..(((.......)))..)))))),))(((((((((((((((((....))))))))))))......)))))...((........)).......))..))........(((((...(((((((..(((.......)))..))))))
wnv,GACGGACAGCGGTTGTTGGTATGGTATGGAGATTAGACCACAGAGGCATGATGAAAAGACCCTTGTGCAGTCACAAGTGAATGCTTACAACGCTGATATGATTGATCCTTTTCAGCTGGGCCTTCTGGTCGTGTTCTTGGCCACCCAGGAGGTCCTTCGCAAGAGGTGGACAGCCAAGATCAGCATGCCAGCTATACTGATTGCTCTGCTAGTCCTGGTGTTTGGGGGCATTACTTACACTGACGTGTTACGCTATGTCATCTTAGTGGGAGCAGCTTTCGCAGAATCCAATTCGGGAGGAG,...(((((((((..(((((((((((.(((......((((((((.((..(.......)..)).)))))..)))....((((....))))...((((((.((.(((.(((.((((.((.(((((((((((..(((........))))))))))))))...))..)))).)))))).))..))))))...))))))))))))))....))))).))))(((..((((.((((....((..((((((.(((...........))).))))))..))..)))..).))))..)))............,-39.7999992371,..(((......((((..((.....))..))))......)))((((((....)))))).(((.(((......((((((.((.(((.(((.((((.((.(((((((((((..(((........))))))))))))))...))..)))).)))))).))..))))))....(((.....)))...(((((....(((((.(....).))))).......((((....))))..(((((........))))))))))))).)))..,..((.((((((.(........)))))))..))..((((((.((((..(((.((((((.((.(((.(((.((((.((.(((((((((((..(((........))))))))))))))...))..)))).)))))).))..))))))(((((((.......((((((...)).))))))))))))))..))))))))))....(((((((......)))))))..,.((((((....))))))..((((((..(((.((((((.((.(((.(((.((((.((.(((((((((((..(((........))))))))))))))...))..)))).)))))).))..))))))(((((((.......((((((...)).))))))))))))))..))))))..........,.....(((((((((((..(((........))))))))))))))(((.((((....(((((((...((((((.(((.....))).)))))).....))).)))).....)))).)))....,(.((.(((((((((((..(((........))))))))))))))...))..)))).)))))).))..))))))...))))))))))))))....))))).))))(((..((((.((((...,(.((.(((((((((((..(((........))))))))))))))...))..)))).)))))).))..))))))....(((.....)))...(((((....(((((.(....).)))))...,(.((.(((((((((((..(((........))))))))))))))...))..)))).)))))).))..))))))(((((((.......((((((...)).))))))))))))))..)))))),(.((.(((((((((((..(((........))))))))))))))...))..)))).)))))).))..))))))(((((((.......((((((...)).))))))))))))))..))))))
