,fsevent,varseq162
48113,PRRSV - nsp2TF,CTCGCGGGGTCTGCTGGTCAGCGCCTCATGACATGGGTTTTTGAAGTTTACTCCCATCTCCCAGCTTTTATACTCACACTTTTCTCGCCGCGGGGCTCTATGGCTCCAGGCGATTGGTTGTTTGCAGGTGTTGTTTTACTTGCTCTCTTGCTCTGTCGTTCT
48116,human - ccr5,GATAGGTACCTGGCTGTCGTCCATGCTGTGTTTGCTTTAAAAGCCAGGACGGTCACCTTTGGGGTGGTGACAAGTGTGATCACTTGGGTGGTGGCTGTGTTTGCGTCTCTCCCAGGAATCATCTTTACCAGATCTCAAAAAGAAGGTCTTCATTACACCTGC
48119,SARS coronavirus,GAACCCTTGATGCAGTCTGCGGATGCATCAACGTTTTTAAACGGGTTTGCGGTGTAAGTGCAGCCCGTCTTACACCGTGCGGCACAGGCACTAGTACTGATGTCGTCTACAGGGCTTTTGATATTTACAACGAAAAAGTTGCTGGTTTTGCAAAGTTCCTAA
48122,SIVmac239,CATGTTATGGCCAAATGCCCAGACAGACAGGCGGGTTTTTTAGGCCTTGGTCCATGGGGAAAGAAGCCCCGCAATTTCCCCATGGCTCAAGTGCATCAGGGGCTGATGCCAACTGCTCCCCCAGAGGACCCAGCTGTGGATCTGCTAAAGAACTACATGCAG
48125,simian srv1 retrovirus,ACTGATAGTCAAGGAAACCCACTACCACCCCATCAGGGAAACGGACTGAGGGGCCAGCCCCAGGCCCCGAAACAAGCTTATGGGGCGGTCAGCTTTGTTCCAGCCAACAAAAACAACCCATTTCAAAGCTTACCAGAGCCACCCCAGGAAGTGCAGGATTGG
48128,PLRV luteovirus,ACTTCAGCAGAGAAAACTGCTCTAACAAACAAGCCTTTAAATGGGCAAGCGGCACCGTCCGCCAAAACAAACGGCAACTCCGACATCCCCGACGCCGCTACAAGCGCACCACCAATGGACAAAATGGTCGAACAGATCATCACAGCTATGGTGGGGAGAATC
48131,human - OAZ1,TGCTGTAGTAACCCGGGTCCGGGGCCTCGGTGGTGCTCCTGATGCCCCTCACCCACCCCTGAAGATCCCAGGTGGGCGAGGGAATAGTCAGAGGGATCACAATCTTTCAGCTAACTTATTCTACTCCGATGATCGGCTGAATGTAACAGAGGAACTAACGTC
48134,herpes simplex - thymidine kinase,CTACCCGGCCGCGCGATACCTTATGGGCAGCATGACCCCCCAGGCCGTGCTGGCGTTCGTGGCCCTCATCCCGCCGACCTTGCCCGGCACAAACATCGTGTTGGGGGCCCTTCCGGAGGACAGACACATCGACCGCCTGGCCAAACGCCAGCGCCCCGGCGA
48137,human - PEG10,AATTGTCCTGCCAAGGCCTCAAAGTCTTCGCCGGCGGGAAACTCCCCGGCCCCGCTGTAGAGGGACCTTCAGCGACCGGGCCAGAAATAATAAGGTCCCCACAAGATGATGCCTCATCTCCACACTTGCAAGTGATGCTCCAGATTCATCTTCCGGGCAGAC
48140,Rous sarcoma virus,AGAGATTGTCTGCAGGGCCTAGGGCTCCGCTTGACAAATTTATAGGGAGGGCCACTGTTCTCACTGTTGCGCTACATCTGGCTATTCCGCTCAAATGGAAGCCAGACCACACGCCTGTGTGGATTGACCAGTGGCCCCTCCCTGAAGGTAAACTTGTAGCGC
48143,HCV - F protein,AGACCGTGCACCATGAGCACGAATCCTAAACCTCAAAGAAAAACCAAACGTAACACCTACCGCCGCCCACAGGACGTCAAGTTCCCGGGCGGTGGTCAGATCGTTGGTGGAGTTTACGTGTTGCCGCGCAGGGGCCCCACGTTGGGTGTGCGCGCGACTAGG
48146,human - HERV-K10,CGTTCTAAATTTGATAAAAATGGGCAACCATTGTCGGGAAACGAGCAAAGGGGCCAGCCTCAGGCCCCACAACAAACTGGGGCATTCCCAATTCAGCCATTTGTTCCTCAGGGTTTTCAGGGACAACAACCCCCACTGTCCCAAGTGTTTCAGGGAATAAGC
48149,influenza a virus,AGGCAAGAGATGGCCAGTAGAGGCCTCTGGGATTCCTTTCGTCAGTCCGAGAGAGGCGAAGAGACAATTGAAGAAAGATTTGAAATTACAGGAACCATGCGCAGGCTCGCTGACCAAAGTCTCCCACCGAACTTCTCCAGCCTTGAAAACTTTAGAGCCTAT
48152,human T-lymphotropic virus,CACCTCCCAAGGCCCCCCGAAATCAGCCAGTTCCCTTTAAACCAGAACGCCTCCAGGCCTTGCAACACTTGGTCCGGAAGGCCCTGGAGGCAGGCCATATCGAACCCTACACCGGGCCAGGAAATAACCCAGTATTCCCAGTTAAAAAAGCCAATGGAACCT
48155,HIV HXB2,CACCAAATGAAAGATTGTACTGAGAGACAGGCTAATTTTTTAGGGAAGATCTGGCCTTCCTACAAGGGAAGGCCAGGGAATTTTCTTCAGAGCAGACCAGAGCCAACAGCCCCACCAGAAGAGAGCTTCAGGTCTGGGGTAGAGACAACAACTCCCCCTCAG
48158,west nile virus,TCACAAGTGAATGCTTACAACGCTGATATGATTGATCCTTTTCAGCTGGGCCTTCTGGTCGTGTTCTTGGCCACCCAGGAGGTCCTTCGCAAGAGGTGGACAGCCAAGATCAGCATGCCAGCTATACTGATTGCTCTGCTAGTCCTGGTGTTTGGGGGCATT
48161,pea enation virus - polymerase,GACACGGAAGACGATGAGTCAGCCCCCAGACGCTCGGGAAACGGATTATTCCGGTCGACTCCGGAGAAACAAAGTCAAGCGAAGACCCCCTCCCCAAAGGTAGAGGAGTCAGCAGCACCCCCTCCCGCTCCAAGAGCCGAAAAGGTAAGGCATGTCCGTCGT
48164,equine arteritis virus,TTGGATCTGGCTAACCCAGTTGAGGCAGTGAATCAGTTAAACTGAGAGCGCCCCACATCTTTCCCGGCGATGTGGGGCGTCGGACCTTTGCTGACTCTAAAGACAAGGGTTTCGTGGCTCTACACAGTCGCACAATGTTTTTAGCTGCCCGGGACTTTTTAT
48167,HIV-2,CACATCATGGCAAACTGCCCGGAAAGACAGGCAGGTTTTTTAGGGTTGGGCCCACGGGGAAAGAAGCCTCGCAACTTCCCCGTGACCCAAGCCCCTCAGGGGCTGATACCAACAGCACCTCCGGCAGATCCAGCAGCGGAACTGTTGGAGAGATATATGCAG
48170,Rahnella - OrfA,ATGCTGGATAAGGAGGCGCTTCAGGTGGCTCTGGGGCGAAAGTACTGACGACAGACCAGAAGCGGGAAGCCGTGATGTTGATGTGTGATGCGACCGGTCTGTCGCAACGTCGTGCCTGCAGGCTTACAGGTTTGTCCCTGTCGACCTGCCGTTATGATGCTC
48173,prokaryote - IS3,CAGCTGGCAGAACGGGATGAAGAGCTGGCTATCCTCCAAAAGGCCGCGACATACTTCGCGAAGCGCCTGAAATGAAGTATGTCTTTATTGAAAAACATCAGGCTGAGTTCAGCATCAAAGCAATGTGCCGCGTGCTCCGGGTGGCCCGCAGCGGCTGGTATA
48176,Beet chlorosis virus,AATGTCTCCTATCCTATTGTCCCCCCGCATCTGTCGGGAAATGGACTGAGCGGCGCCGACCGCCAAACAACCGGCACCTTCGAAAGCATCCAAAGTCAAATGCCCGCTTGTGGAGATTCCTCAAGGCACGATCTTGCTGCGACTCAGCCAAATTTCATGCCC
48179,Giardavirus,CTTAGTGCCTGGTACTCAGACACAACCTGCGCCATCCCTTTATCCGATCGTGTGATGGAGATCGTCAATTACGCGGCAATATGGGATCCTACACAGGAAAGACACGCACAGGTTTCGTGTACACATACTTTAGCCCCAATTTCCTTTCGAGCTTTAACGTGT
48182,S.cer. Virus,AAGAACTACTGGGGTAGTGTGCGTCGTACTCAGCAGGGTTTAGGAGTGGTAGGTCTTACGATGCCAGCTGTAATGCCTACCGGAGAACCTACAGCTGGCGCTGCCCACGAAGAGTTGATAGAACAGGCGGACAATGTTTTAGTAGAGTAAACGTAATCGAAC
48185,trichomonas vaginalis virus,GTCAACTCACCCCTCAAGACATGCGCTGCCTACCAGGGCCCCAGCTTCGCGCCAAAGCCGGGCAGCGCCATGTGGAACGAATAAACCAATGCGGGGGCAGCGTCATCTATCCGCGCTTGAGCACTGCTCGCGCCTGCAGCTTGTCTGCCATTGATAAGATGA
48188,Barley yellow dwarf virus,GCCAGGCGGGAACGCATGGACGTGCTTGACTCTGTGGGTTTTTAGAGGGGCTCTGTACCGCCTCTGGTTTTGAGAGCCCATTCCCTATTCTCGGGCTGCCAGAGATTGCGGTCACAGACGGAGCCCGGCTCCGCAAGGTTAGTAGCAATATTAGATACCTTA
48191,tmev,CACGATGTGGAAATGAATCCAGGCCCTGTGCAGTCGGTTTTTCAGCCACAAGGTGCGGTGCTAACTAAATCCCTAGCACCCCAGGCAGGAATCCAAAATCTCCTTCTACGCCTCCTTGGCATAGATGGTGACTGTTCAGAAGTTAGTAAGGCAATCACGGTC
48194,cocksfoot mottle virus,GATGACGAGGACACCCAAGAAACTGCAATCCGGCCTTTAAACTACCAGCGGGCGGGCTCCCTACGGGGCAGTCCGCCCTTGGCCAACTTATCGAGTACGCGGGCTACGTCTGGCGTGACGAAGGAATCATCAATTCCAACGGCATGCCTTTCCGATCCGCTG
48197,white bream virus,CCATTGCAACAACAATCAAAAACACAGCAGCCGCCTTTAAACTGGTGGGGCAGTGTCTAGGATTGACGTTAGACACTGCTTTTTGCCCGTTTCAAACAGGTGAATACAAACCGTCATCAAGAGAATTCTACATCAACATTCTCAACAACAATGTAGCCAGTC
48200,E. coli - dnaX,CAGCAGTTGCAGCGCGTGCAGGGAGCAACCAAAGCAAAAAAGAGTGAACCGGCAGCCGCTACCCGCGCGCGGCCGGTGAATAACGCTGCGCTGGAAAGACTGGCTTCGGTCACCGATCGCGTTCAGGCGCGTCCGGTGCCATCGGCGCTGGAAAAAGCGCCA
48203,lelystad virus,ATTAGTCAACTCCAAGGTTTGACCACTGAACAGGCTTTAAACTGTTAGCCGCCAGCGGCTTGACCCGCTGTGGCCGCGGCGGCCTAGTTGTGACTGAAACGGCGGTAAAAATTATAAAATACCACAGCAGAACTTTCACCTTAGGCCCTTTAGACCTAAAAG
48206,E. coli,ATGGGCGTTGGCCTCAACACGATTTTCCGCCATTTAAAAAACTCAGGCCGCAGTCGGTAACCTCGCGCATACAGCCGGGCAGTGACGTCATCGTCTGCGCGGAAATGGACGAACAGTGGGGATACGTCGGGGCTAAATCGCGCCAGCGCTGGCTGTTTTACG
48209,avian infectious bronchitis virus,TCAGTTGCTGGAGCATCTGATTTTGATAAGAATTATTTAAACGGGTACGGGGTAGCAGTGAGGCTCGGCTGATACCCCTTGCTAGTGGATGTGATCCTGATGTTGTAAAGCGAGCCTTTGATGTTTGTAATAAGGAATCAGCTGGTATGTTTCAAAATTTGA
48212,S. dysenteriae - orfa,AAGCTACAACGCATTGAAATGGAGAATGAAATATTAAAAAAGGCTACCGCGCTCTTGATGTCAGACTCCCTGAACAGTTCTCGATAATCGGGAAACTCAGAGCGCATTATCCTGTGGTCACACTCTGCCATGTGTTCGGGGTTCATCGCAGCAGCTACAGAT
48215,porcine repr and resp syndrome virus,ATTGACAAACTCCAGGGCCTGACTAAGGAGCAGTGTTTAAACTGCTAGCCGCCAGCGGCTTGACCCGCTGTGGTCGCGGCGGCTTGGTTGTTACTGAGACAGCGGTAAAAATAGTCAAATTTCACAACCGGACCTTCACCCTGGGACCTGTGAATTTAAAAG
48218,gill-associated virus,AACGTCACCACTCCCATCCCAGTCAAGCACGAGGCAAATTTTCAGACAAAGCCTCGTCGAGTCTTCCAGTAAATCGTTACCATTACATCAACTCAGCCCCTTTCAACTACACAATCACCAACAAATCACCTGGTGATGGCTGGGTTGAATTTACTGGGGACA
48221,red clover necrotic mosaic virus,GAGAACAAGGCTGTTGCCGGGTTCAAATCCCTTGAGGATTTTTAGGCGGCCCACTCAGCTTTCCGGTTGAAGATGCCCCATATCCTATTTTAGGCATCCCGGAAATCAGGGTAGCTGAGAAGCGGGCCAGTAGAGTCATGAAAAGTAAGAGAGTCGTAGGGT
48224,E. coli - IS150,CAAGTTCGATTTCTTGAAACGCGGCTTATGTATCTAAAAAAGCTGAAAGCCTTAGCTCATCCCACGAAAAAGTGAAAGTACTCAACGAGCTAAGGCAGTTTTATCCTCTTGATGAGCTTCTCAGGGCTGCGGAGATACCGCGCAGTACGTTTTATTATCATC
48227,Turnip yellow virus,GAAGACATTTTCTTCGAAAGCAAAGAAGATCTGTCGGGAAACGGAGTGCGCGGCACCGTCCGCGGAACAAACGGAGAAGGCAGCTCCACCCCAAAGACAAGCAACGTCGATGGGAAAGAGATGATGGAGAAAATAATCTCATCTCTAGTGGGAAAGATAAAT
48230,Berne virus - polymerase,AGGTATGAATTTATAACAACTCTTCCTTTGGGTGATTTAAACTGTTGAGAGGTGCCTGGAGCGCCTGCAGGCATCTCTGTTTTCAAAATGGCGCATACCAGTCTTCAAGGTCAAAACATTATATTGATTTGGCAACTGAGTATAATGCAGGCATTGTGAAAG
48233,Lactate deh. Elevating virus,ATTGAAAGTCTCAATGGATTGCAGCAGGCATCGGCTTTAAACTGCTAGCCACCTCTGGTCTCGACCGCTGTACTAGAGGTGGGCTGACGGTGTYTGGCGATGCGGTCAAGCTGGTGAGGTATCACTCCCGAACTTTTTCCATTGGAGATGTCAACTTAAARG
48236,mouse mammary tumor virus - gag-pol,CCACTTCCTCCCTTGGAAACTAATGCTGAAAATTCAAAAAACTTGTAAAGGGGCAGTCCCCTAGCCCCGCTCAAAAGGGGGATGGAGTTAAGGGCTCAGGATTAAATCCTGAAGCCCCACCTTTCACAATACATGATTTGCCTCGAGGCACCCCTGGAAGTG
48239,SIVagm,CATATGGCAAAAGACTGCAAGAATGGACAGGCAAATTTTTTAGGGTATGGCCATTGGGGAGGAGCGAAACCAAGAAATTTTGTGCAATACAGAGGAGACACAGTTGGTCTGGAACCAACAGCCCCCCCAATGGAAACAGCTTACGATCCAGCAAAGAAGCTC
48242,herpes simplex virus - thymidine kinase non functional,CTACCCGGCCGCGCGATACCTTATGGGCAGCATGACCCCCAGGCCGTGCTGGCGTTCGTGGCCCTCATCCCGCCGACCTTGCCCGGCACAAACATCGTGTTGGGGGCCCTTCCGGAGGACAGACACATCGACCGCCTGGCCAAACGCCAGCGCCCCGGCGAG
48245,rat - OAZ,TGCTGTAGTAACCTGGGTCCGGGGCCTCGGTGGTGCTCCTGATGTCCCTCACCCACCCCTGAAGATCCCAGGTGGGCGAGGGAACAGTCAGCGGGATCACAGTCTTTCAGCTAGCATCCTGTACTCCGACGAGCGGCTGAATGTGACAGAGGAGCCGACGTC
48248,HCV - F protein-10A,AGACCGTGCACCATGAGCACGAATCCTAAACCTCAAAAAAAAAACAAACGTAACACCTACCGCCGCCCACAGGACGTCAAGTTCCCGGGCGGTGGTCAGATCGTTGGTGGAGTTTACGTGTTGCCGCGCAGGGGCCCCACGTTGGGTGTGCGCGCGACTAGG
48251,danio rerio - oaz,TGTAGTAGTACCACTGGTCCAGGGCCTCTGTGGTGCTCCTGATGCCCCTCACCCACCTCTGAAGATCCCAGGTGGGCGAGGGAACGGAGCACGGGATCACCCATCCACAACACAGACGCTGTACTCCGACAGGAAGTTGACTGTGACAGAAGAGCCTGCTGG
48254,,TCAGTTACTTCGGTACTACCTGGTAAACATAAATCTTTTCGAAGCTTCCTACGATCTTCTCGATCAAGTGACGTGTATGACAAAATTGCCAACTGTATCACAAGGAAACAACAAGGAATGTTCACACGCTCTGAAATGTGTATGCATTGTGACGTCGGAAAG
48257,danio rerio - oaz,CGCTGCAGTAACCCGTGTCCGGGGCCTCTGTGGTGTTCCTGATGTCCCTCTCCCACCCCTGAAGATCCCAGGTGGGCGAGGGAATGATCAGCGGGATCACAGTCTTTCAGCTAAGCTATTCTATTCTGATGCTCAGTTACTGGTTCTTGAGGAAGCCCCTCA
48260,,GTTTCAGGTACATCATCATCAAACCAGGCGTATTCTTTTCGAAACTATATCCGATCCACTAGATCCGGTGATGTTATTACCAGATTTGAAAGATGCATCAAGATTAAATCCGAATTGCACTCACCACAAAAAATGTGTGATAATACGGACTGGTTTGAATTT
48263,human t cell lymphotropic virus 2,TTGGATCTCCCTTCCACCTCAGGCACTACTGAGGAAAAAAACTCCTTAAGGGGGGAGATCTAATCTCCCCCCATCCCGATCAAGACATCTCGATACTCCCACTCATCCCCCTGCGGCAGCAACAGCAACCAATTCTAGGGGTCCGGATCTCCGTTATGGGAC
48266,,CAGTCTCCAATCGCAGGAACCAGCAGAAACAAGTCTTTTCGTTCCTATTTACGATCTTCTCGACCAAACCATGTCTATGACGCGTTGTCCTATTGTATCTCCAAGAAACAGAACGGGTTGTTCACATCAGAAGAAATGTGCATGTCTTATAATCTCAGATCA
48269,,ATTGACTTGAGGCTTGCTTCTGACAAACCCAAGCCCTTTCGTGACGGGCGCCCGATACTTGATGCCTGCCCTGACAACAGCGAACATAACAGTTCCAGCAATGACAATGCAAAACTTAGTAACATCGATCGAAACCAGAGTGATGGCCCCGACGCCTGCACT
48272,human - OAZ2,TGCTGCAGGCACATTGTTCCAGGGCCTCTGTGGTGCTCCTGATGCCCCTCACCCACTGTCGAAGATCCCCGGTGGGCGAGGGGGCGGCAGGGATCCTTCTCTCTCAGCTCTAATATATAAGGACGAGAAGCTCACTGTGACCCAGGACCTCCCTGTGAATGA
48275,mouse - OAZ2,TGCTGCAGGCACATTGTTCCAGGGCCTCTGTGGTGCTCCTGATGCCCCTCACCCACTGTCGAAGATCCCCGGTGGGCGAGGGGGCGGCAGGGATCCTTCTCTCTCAGCTCTAATATATAAGGACGAGAAGCTCACTGTAACCCAGGACCTCCCTGTGAACGA
48278,Drosophila - OAZ,TACCGCATCTCTCTCGGCGTAGGGCCTCTGTGGTGGTCCTGATGTCCCTGTCCACCACAGAACAGATCACGATAGGGCATCGCTCTTAACGGGCTACAGCCGTAAGTCTTCGGTCGACTCGGCTGGTGGCAGCCTGTACGAGGCCAGCTCCCGGGCGTCGTC
48281,Potato leaf roll virus,ACTTCGGCAGAGAAAACTGCCTCACCAAACAAGCCTTTAAATGGGCAAGCGGCACCGTCCGCCAAAACAAACGGCAACTCCAACATCCCCGACGCCGCTACAAGCGCACCACCAATGGACAAAATGGTCGAACAGATCATCACAGCTATGGTGGGGAGAATC
48284,,CTGGACGGCATTGGAGAACCCAAGAAGGCAGGGACTTTTCGCAGCCTCTTGGCAGTCCTCGGTGTTGAACCTTCTGCTCAGACAACCACTCATACGGAGGAGAGAAATGATGAGGATGATTCCGGTGGGGAAAGTGATGTTGCCCGGGGAGAGGAGCCAGAA
48287,Human coronavirus 229E,GACCGGACTGCTATCCAAAGTTTTGATAACAGTTATTTAAACGAGTCCGGGGCTCTAGTGCCGCTCGACTAGAGCCCTGTAATGGTACAGACATAGATTACTGTGTCCGTGCATTTGACGTTTACAATAAAGATGCGTCTTTTATCGGAAAAAATCTGAAGT
48290,mouse - edr,ACGTGTCCAGCGAAAGCCTCCAAGAATTCGCCGCCGGGAAACTCCCCGGCCCCGCTGTAGGGGGACCTTCAGCGACAGGGCCAGAACGAATAAGGTCCCCACCCTCCGAGGCTTCGACTCAGCACCTGCAAGTGATGCTCCAGATTCATATGCCGGGCAGAC
48293,,CAGTCTCCAATCGCAGGAACTAGCAGAAACAAGTCTTTTCGTTCCTATTTACGATCTTCTCGACCAAACCATGTCTATGACGCGTTGTCCTATTGTATCTCCAAGAAACAGAACGGGTTGTTCACATCAGAAGAAATGTGCATGTCTTATAATCTCAGATCA
48296,,ACTTCTGCGTCACCCAGTTCCAGCCGAAGTAAGTCTTTTCGTTCCTACTTACGATCTTCTCGACCAAACCACGTTTATGACAAAATTTCCACTTGTATCACAAAGAAACAAAATGGGATGTTCTCATCAGAAGAAATGTGTATGCCTTATACTCTCAGAAAA
48299,mouse - OAZ1,TGCTGTAGTAACCTGGGTCCGGGGCCTCGGTGGTGCTCCTGATGTCCCTCACCCACCCCTGAAGATCCCAGGTGGGCGAGGGAACAGTCAGCGGGATCACAGTCTTTCAGCTAGCATCCTGTACTCCGACGAGCGGCTGAATGTGACAGAGGAGCCGACGTC
48302,Feline immundeficiency virus,GCTGCCAAATGTTGGCAAGGAAATAGAAAGAATTCGGGAAACTGGAAGGCGGGGCGAGCTGCAGCCCCAGTGAATCAAATGCAGCAAGCAGTAATGCCATCTGCACCTCCAATGGAGGAGAAACTATTGGATTTATAAATTATAATAAAGTAGGTACTACTA
48305,mouse hepatitis virus,ACAGGCTCCCAGTTTCAGTCAAAAGACACGAACTTTTTAAACGGGTTCGGGGTACAAGTGTAAATGCCCGTCTTGTACCCTGTGCCAGTGGCTTGGACACTGATGTTCAATTAAGGGCATTTGACATTTGTAATGCTAATCGAGCTGGCATTGGTTTGTATT
48308,Potato leaf roll virus,ACTTCAGCAGAGAAAACTGCTCCAACAAACAAGCCTTTAAATGGGCGAGCGGCACCGCCCGCCAAAACAAACGGCAACTCCGACATCCCCGACGCCGCTATAAGCGCACCACCAATGGACAAAATGGTCGAACAGATCATCACAGCTATGGTGGGGAGAATC
48311,Bovine leukemia virus,TCCCATTGGAAACGAGACTGTCCAACCCTCAAATCAAAAAACTAATAGAGGGGGGACTTAGCGCCCCCCAAACCGTAACCCCTATAACAGATCCTCTTAGTGAGGCCGAATTAGAATGCCTACTTTCTATTCCTCTGGCTCGCAGCCGTCCCTCCGTGGCTG
48314,,TTTGGGCGTAATCCCACAGTCTTCAACCTTGAGCGATTTCGTGCTGAGGCCACGGTTGTTGGTTCCCCCGATCGTGGCCAGTCTGCCGAGGGTGCCAGCCAAGACCATTACGAACATGATATCAAGTCTTGTGACGCGAGTGCTGCGTCCAGTTCCTCTCCC
48317,,GATCTGACCAGGTATGCCAGGGAGAAGATTCAGTCTTTTCGTGACTCAGGAAACCAGGGAGGAGTCACCCGTGTTAGAAATCTCTATACGGCAGCAACTGGAGCAGCGATTGATATCCCTCCCCCTCGAGCTCAGGAAGTTCCACATGAAACAGGTCCCGTT
48320,,TTCGGTCGTAACCCCACCACATTCAATCTGGAGCGATTTCGTGCTGAGGCCTCGACTGTTGGTGCCCCCAGTCCTGGCCAGTCTGCCGAGGGTACCGGCGAAAACGGTGACCAACATGATATCAAGCTTGGTGACCCGAGTCCTTCGACCAGTTCCGTCCCC
48323,,ATCGACTTAAGACTTGCTTCTGACAAGCCTAAGCCCTTTCGTGACGGGCGCCCGATACTTGATGCCTGCCCTGACAACAGCGAACATAACAGTTCCAGCAATGACAATGCAAAACCTAGTAACATCGATCGAAACCAGAGTGATGGCTCCGACGCCTGCACT
48326,,AATTCCATATCACCCAGTTCCAGTCGAAGTAAGTCTTTTCGTTCCTACTTACGATCTTCTCGACCAAACCACATTTATGACAAAATTTCCGCTTGTATCGCAAAGAAACAAAATGGGATGTTCTCATCAGAGGAAATGTGTATGCCTTATACTCTCAGAAAA
48329,,CAGTCTCCAATCGCAGGAACTAGCAAAAACAAGTCTTTTCGTTCCTATTTACGATCTTCTCGACCAAACCATGTCTATGACGCGTTGTCCTATTGTATCTCCAAGAAACAGAACGGGTTGTTCACATCAGAAGAAATGTGCATGTCTTATAATCTCAGATCA
