test random210 1,GCTGATCGAACTGTGATACACAAGGAGGGGGCACAGAATAGGGTTCAGCTCCTTCGGCTCGTGTGGTTTCAGCAGTCACTACTACCCATGGAGGTGGGCGGCTACATGCCCTCGGGAATCGAGACCCATTTCCGCGTTGCCTGGGTGAAGGCGATCAACGCCAGACTTCCACCCCCCCTTTCCCCAAACGCCTGCGAGGGTCACCAAGTA
test random210 2,TAAAACGGCTTGAACCTAATGCAGTTAGCTACGATTTAAGAACCGGTCGAAGCTGCAATTGCTGGCATCTGACAAGCTCTTCGTATGCTTGGTGTTTTATCGAGACGATGAGCTACCGTTAGGCGTGACAAGGTTGTAGCTGAGCTGGCTATCCTGCCGCATTAGATGAAGGTCTGTTCCCACTCTTGGGACCCACTACAGCCGTCATAA
test random210 3,CATGCTGCCCGTTCCATTAGACCCCTGCGTTACCGAATGACGTATAGTTCGAAGATATTAGCCGATCGTGTTTTCAACGAGTCATGTTGCCTCGGAAGAATACCCAACCGATGTTGTGATGACTCGGCGCAAACCCTCACAAATTGACCAAGGCCGCAGCTTCCATCCCACCATGCCAATTTCTAGCTTGCAGGGCATATCAGACCACAA
test random210 4,AGCACAATTAATTCTTATACTTTTGCGAAGAAGAGGCAAGGAGAGTAGATCTTTTCAGGGAACACATTCGTGAGGGGCTACCGAAACATTGACCGACAGCTTCTTTCTCGACACGCTCGTAGCCAGGTTCGAAAATCCATCAGAGGGGTCGCCCCCATGTTAGAAAAATATCTGTGCGCACTCGAATAACACCTTTTGATATTCGAACAC
test random210 5,CATTAGTTGAAGCGGAGCCACATGGGGGAAACAGACAATGCGGGCGTAGCTTTCCCCAAAAAGTTGGCTGGAATCTAGCTACACTTAGCTATGGGTTTGGTCTGGATTTCAAATCAAATGCTCGTGGCTACTACGGGATTATCCGAAAACTTTAAGGGGCACATTGATACTTCGAATATACTCTTCAACGCTGTATCTTCCCGTCTCTAA
test random210 6,CAACGAATGGTGTCCCTGACTCCCGCTATTGAGTGTGTGCTAGGGATAAGTTTGGTCTCATACTAAGGCACACACGATTTGAAGTTTACCCGGCTAAGTCCCCCCGGTTTTGCTAGACAGTTTGGGGAACGATACTTTGCACAGACCACACCGGTCGAAAGGGAGGTTTTGACCCCTGGACTTCCAACATCGGGGACTTCTTGTTGTTGA
test random210 7,TACTTAGAAGAAGAGATGACAATTCGCGGCGCACGATCGGGTAGGGGAAATTACCTTGCGTTGGTGAGTGGAGCCTAGATGCTGGAATTACCACGAGTGACGAACCGGTATGAAAAATGAACCTTCTCCAGAGCGCGCTGCCGTTGCAATGTTTGCAGTCTGAGGAATTGACTTTTGCGGGCAGAATGCGAAAGCGCGGGTTCAAGGGTT
test random210 8,TAGCGCATCTCGAGAAGAGAGGCTCTAGTCTCGAACTGCGGATTCTGAACTTCTCTTGTTGCATTCGAGACTTAGGGTTTCCGCGTTATCACGCTATGTGCTATTCTTCGTGGAGACGAGTCTGCCACTAACGTCGCGGTGGAGGCGTGTTGTGCAGGAGTACGTCCCTGTGATACACTCTACCCAAGAGTTGCCCGATACTCCCGGTGG
test random210 9,CAGGCATATAGGAGCACAATGGATCAACTGTAATGTCTCCACCTGAAGCAACATTTATCCTGTTGTATCGCGTTTAGACTGCCTCATACTTATAGCCAATCATATGAGACGAAGGAATAATAATGAGCCCGCTCACTGGATGATCGGGGTTACCGGCGATCTCGGATAAAGGCAGTAGCACCATTAGGGCTGCCCCTACAGGCGGCATCC
test random210 10,AATCAGCACTTCACTAGCTCCGGGACACAATTCCTCAGCTCAATGAGCCCTCCCCGACGCTGATGGTGCCGAGTGTAGTGGATCCGAGAAAGGAGCCATAATACATCGGTAGCGCACAAATAACCATTGACTTTGGTATTCACCGTTTTGAGCTGCAGGGGGCACTGTTGATGGTATCATTACATACGGCGAGTCTTCCCGATCTCACTT
test random210 11,GGATTCGTCTGAAGGACGATAAGCAGTATGAGGAAAGCAGGTGTTGATGAGTGTTCCACGAGTCTGGACTAATAGGATTAAGTTTGTATTACTGTGCATTTCAATCTACTTAACTTGCTCTTGATCAGCTCTTAACATACGAAAGCGCGTGGTAGTATCGAATTTAGAAGCTCTTGGCTCACGTAAAGGCCTGGCGCCCCATGTCAAAGG
test random210 12,TCTAGCCCGAGGTTCAAGGAATCACAAGTTTCATCATTTTTCTATTAATTCCCCGGTAGCCAACGTACAACATTATTACTATGGTAATCCGCTCTAGAGCGCTTGGTAGCCCCCTGCCGCCGCGGGTCATCTGCTACAGGCCTCATTGTGGGGACGCTAGTTCAGTTTATTACCTTTGCGTCCTAATTAAAGTCCCAGCCCTGAATCTAC
test random210 13,CATCTTCTTTCGCGCGGCATCTGCTAAGTTATCGCTCTGGCACATAGTTCCCAGCGTATTATAGACTCCTGCAACCGCGTTTGGCGATTGACTGGCCAGACTCAGTCGATGGCATATGTCTTCTGTCTTAAAAAGTTTGGATACTGGCAATCGAGATGACACGGGGAGCAAAAGGATTCACGAATCTTACGGTCACGTACTCCGTACAAA
test random210 14,ATTTAGACAATAAACCGTGGTGGGGGCTGCCACACAATTGAGTAAGTTCTCATCGCTTAGCAGGTACGTATACCACAGCGAGCGTGGTGATTAGATATTGAAGTAGCATTCGATGAGGCCTGGCCCGCGTATTGCGACGAGTGAGATCATCAGCCTTGAAGTACGTTAAAGGAGATAAGGTTACGTTATACGTGTGATTGAGGGCGATTG
test random210 15,TCTGAACAAATTCGGACCGGAGGATCGTACTGCTTTGAAAAACGTAAAGCTCCTCATCGTAGAGCTGTTGTATCGCATGAGCGCTACACTGCAGAGGGATTCCATCCATCCCGCCGAGCTCCGTATTTAGAGGGGGGTAGTGTCCAGCACGAGCGGCTCACGAGCGTGTGGTATACCTGAGCCACTGATAATCGATTCAGCTACAGCCGA
test random210 16,TAAGTTGTCATAACGACACCGCGTTCGTTGGCTAATCTACGATCAAAGCCAGTCAATTACAACACACGCGGGGCGTAGGCAGCCAACGTGCCTCGCAGAACCCAGCCTCGTCTCCTAGCGGTTTTATGAGCTCCTTCCGGGGCCTTCCCCCGACACCTGCAAACCGTTCATGTCATACATCGCGACTAGCGGAGAAAGCATTCGCTTCCC
test random210 17,ACATAACGCTTGGCACCGAGTTCCAGCACCATCGTACTTTTCGTATCGCCCGGTATTTCGTGACGTGCGTGTCACGTGTTGTCACTCTGTCAAGCCATGGGAACTCATTTCCACAGGGTATGCAGGCGCCCAGGCAAAGGGACACGGAAACCTTGAACACAGTACAGATACGCTAACCTTCTCGCCTACTGTGAACACAAGGGGCCAAGC
test random210 18,CCAAAAAGGCGATGACTTTGCACGGCAAACGGTCCACGTCATGCCCAGTACCAGTAAAAAACGACACCGAGCGCGTGCCCCAATGTATAAACTTCGCACAACTCGAAATTGTGTATCCCCAACAGAGTGTTAGCGTATTTACATCAGGCTAACTAACGCGGATGTAGTCTAGGCAGCTATATTATCCACTTCGTACCCTATCGCAGCTGA
test random210 19,TATCCGACTTAATGGATTTATCGAAAGGCCCCGAGCTGCCACAAGTGAAAAATGGCACAAGAGGGTTAAGCTTTCGCTTTGTTGACACTCATGTGATAGTCAGTCGTCAATCCACTCCGACTAACATTATACGACGTTTAGGACCTAGCTGGACTAGTGCTCAAACTAGGCATCCTCCCCTCACAACTCGTGAGAGACTGAGAGTCGCCT
test random210 20,ACGACTTAAGCTCTTCTAACCCCATTCCACGATTGAGCACTAGTCACTCCCAACGCTAGACGGTCTCAAATGGTCACTATCCAGTCCTAGGCTGGACTGGGACGCTTGTATAGCCCATGTATGACGATCAGGGCCCCGATGCCCGGGGATGTTATGCACCAAGCTCTAAGTGCGCGCCAGTGGATGAAGCGCACTGGAACTGGAATTACT
test random210 21,TCCTTATGTCGAAACGTAAGCGCGTGTTACACACTCCTGGAAGGTTTATCGGGTAGAGGGTGATAGACATAAACAGGAGAGTACCGTCGGAGTTTTACACTTCGGTGGTGGATGGAAAGCATAGATGGCCGGTCTTTTTCCGATGACCATGGACGTGCACCACATCTGTTTCATACGGACAATCGACATGCAGCCTTCAAACCACTTGCG
test random210 22,GGTTTCAGTCCAAGAACCCCTCCAAGTCAACGTTGCGTATTCCGATCCCGTAGGTGACAGAGTTGCAAAAAATTGTATCTGAAGACATATACCGGTTCGAGGGGTGCAGTCAGCACCCGACACATCAAACTAGATCGGGTGTGACCATAGTGGTATCAATTTGTGCTGCTCGACTATGTTGCGCTACTAAGGGGAGGACCCCGTTTTTTG
test random210 23,GAAAGCCTTAACATCTGTAGTCGAATCGGGTGGACTGGGCGTTCCTGGCGCAATGGCTCCGTCCGCCACAGAGGGGCCGTTAGCGATGAGAGGGGACCTTTTCTATTCCAGCGGTCTTGTTTTAGCCTGTGAGTGTGCGCCCTATTTAGTTTACTAACCTCTTGCTCCACTTTTAAGCAACCATTTGGAGTCCTTGTTGAGGCCAGTTCC
test random210 24,AGTGAAGCACTCTGATCGATCTATTACATAAAAACTCTATATTCCTTCTGTGACAGACTTAATTCTTGTCCCGGTTAGCTCGGCGTTTGAGATATGGCATATTAGAGGTAGCCAGCGATCCAATTCGACTCCTCGGTAATGAGCAGTCGCTGGCGGCATTGAAACCACCTAGGTCTTCAGTGCTGCGTTCTTGATCGAGCTAAGGTTGTC
test random210 25,GAATATTGCCCGGTCTGTACTCCAGACCATCGAAGCCAAAGGGGAATTCAGGGCATACATCCCTGCTGTCATTCCGCTCACGGGTCTTACTTCGTAGATTGTGACAGTCACAGATCAAACAGAGGACAAGGCCATCCTTGGCCAATCAGGAATTCTTCTTTTGTAAAATCATCTGCCAGTCTTTTTTCGTTTCACCCGAGACTGGTCCCC
test random210 26,AAAGATATGTATTGCAGATTGGCACCGATAAGTTAGCTGCTCTTTGACTTCGCTCCACACCATGGTAAGTTAATCGGGCCTCGACGTACATTTTTCACAGACATGAGGGGCTATATCATATGGGCATTCATCCTCTTAAAGTTTCGCAACCTCCTTTGCCATTTCGGGATAGTAATGATGAGGACAGCGCGTCCTAAGTAACCTAAGTTA
test random210 27,GTATGGTCTCTTTCAGAAGGCTCCGAATACAAATATAAATTCAGCGTCCGCATATGAAGACAGCGTACGCTACAGGGATCAACCAGTGCTCTTACGATTTCTGATGCATGTGAGACTTTGAAAGACAGTGTGCGTAAATTGATGTTGAGTTACATGTTGTGATACACTCAATTGGCAATCCTCCAATCGAGAATCGTATAATTACAACTG
test random210 28,TCTATAACTCACTTGAAGGACTGGGTTTGTATAAGTTGCCCTGGTGGGTCACTTTCCATCTTAGCAGGTTGGCGTCATATGAAAGTAAGTACGAGAGTTCTAGTGGACAGTATTAGTGCGCGATATGATGGGAGTATCGGCGGACGCAGCCATCTTAGGGGCAACGGGAGTTGATCGATAGAATACGACACCAGAATTGTGGATTAAGAA
test random210 29,CCATTAATGCCCGTGGCCCTATTATCCGTATGCCTTTTAGACAATTGAACCCGGTCACTCCACCAGGCGCAATGGCACAACGCAATTACGAATGTGAGCGGAGTCGAATGGACGTTCTGCACTCTCGTCTAAGAGCAGAAGATATCCACACCCGAGTGTCTTGGGCCACGGGGGGAAGGGCTTCTCTGGTCAGAGCTTCTTGCCCAAGAT
test random210 30,TTTATTAGACTATGCTCACACTCGTTTGTGGACCCGCATATATCCGTTTGTTGGGATCGCGGGCTCTATTGGCACGACAAACCTACAGGAAGGTAGTCGCTTTGCTCGAGGCTTGGTAGTGAAGTAGGTTGACCATTGTTGTGGTATAGCTATATGCATCGAGAATATCAGTAGAATCACCAGAGGATGCGTAGAACTTTATGCTAGACC
test random210 31,GACGGCGTACTACCTTGAGGATGTACGAAGCACGTACGAGGATCCTCGGAGTAAATCACGGTGGAAACACTGGCACGCTCCTGTTAGGCTGAGCAAAGTAAGGGCTCGGCGTGAGTGGGGCTACCGAGCCATTAAACCTCGACTTGTTCGAAAGGATATTGCGTATCGCTCGAATAACGTCAAACTCGGTACTACGCTGAGGTTGCTCAA
test random210 32,GATTCGCTGCACATTCCAACGGAATCATTGCGTACGGCTTATATTATGGACCAGTTAGGGATCGAGCCGATCAAGACACCGCGCTAGTTTGCTCACCTAGCATATCTGCCCCCAGTTAGATTTGGTTATCGCAGCGAAGGCCCAAAGAGGTCACGTTTAGCTGGTTTCTTATGCTATCAACAGGGAACAGCGTCTCCTTGAGTTCAACGC
test random210 33,AGTCTCATATTTTCTTCATAGCCCTTCTTCAAGTATCAGACAAGTAATCCTTCCAATGTCAATTCCAGCTACAGCTAAAAAGTCTCTAAGACCTACTCTCCTTAGCAATACGTACAGCAGAGCGATAATCTGTTCTCCTGTCGAAACATTAGGCGAAGCCGTGTAGGTTACTATAGCAGCTCACAAGGCTCGGCTAACAATCAAAAAGGA
test random210 34,CTTTCGAGATCGATGGCCTATTGGGTCTGTTATCGTAAAAATCCTGAAACTCAAACTATTCCCCTTCTGAATGGACGCGGTCTACCTCTGCGGCCCAGCTGTCCAGCGCTGACGAATTTCTCAAATTGATCCCTGGCTGCTGGACTGCGGTAGGTTGTATCCCCCGTTATAAGGCCCCGCCCCTGTCTACATGCAGGGCTCTTTATGGGC
test random210 35,GGAAGTGGAAAGCATAGCACTTCTTTATAGTTTCTGACGTCCTCCTCCAGAATTGATCCTGCGTCTGCGTGTGGGGCTTACGGGCTCGTCATCCCCCATTGGCATCGCGGGAATTAGCGGGAGGTATCGGAACCCGGCATCCAAACCAACGGGTATGGACTACGAACTTCGTTAGTCCTCTTCAGTAGGGGATCAGACTCACGCCCCCCA
test random210 36,GAGACTTTCTTCCCGTTAGTTTGATCGGATTAACCATGGGGCTCCATCTTACTTCTCGTCTCGGTAAATGGGTTGCTCCTATAAGTCACAGTCGGTGCACCGAGATGCCAACGACATGAACCTCAGCGAAAGTCCGTCTAAACGTAATTGTAGGTTTTCTGCAGTAGAGGGGTGTAGGATAGAATTCGCACCGCAGGATCCTCCCGTAGC
test random210 37,AAAACTTCGCGGATCGCTTGCTGCTGACGTGGGCCGGAGTGGCTGATTTCCCTCCTGTGAGCTTTATTTGAGCATAGACCAAGTGGAAGGCTTAACGCACGATCTTTCCAGATTTGTGGATCTACAAACGCTATCCATGGAGTAAGCGGAGCAACTTCGTGGTATGCAGTTTCAACACTAACTCTGCTGCTTTTTGAAATACTTTTTTGT
test random210 38,AGCCGGTGCACCATTTTATCAGCACACACGGTGTTCTGTTATACTTGACACTCCCAGAGATTGTGGAGATCACACCAGGTCTGAACGGAGACCACCTCGTTCCGCTTCCTGCATTCTAGGCGGTAGTCAGTGCAGCCACCATACAGTTCCACCATCGTTCTCTGTATTACATCTCTGAGTTGTCTGCCTAGATAGATTGTGCCGTCTCTA
test random210 39,GGGTTAGTGCGGGAGGAGCATCCGACGGCTCCCCATTCGCCCTACGGGAGATCGGTTATAAATCCCTATTCCCATACCTCGACACTACTCTCTTTGATGCGGATTGGATGTACCGTATATCATCAAACCGCATTCCAACGACACGAGTTAACGTAAGGCACTGCTCGAATACGCGCGGGGAGTGGATTGGCCGGCAATGTGAGTTTGATC
test random210 40,ATAGGGCTCAAGCGAATCCGCGTGCCCTCAGATATGGGCAACCCGGAGTTCATTACCTAGCGCAGCAATTTAGACTGCTGACTGCGACGAACGGGTTATGCAAAGCCGGGTAAATCGGAGGACTCTCTTGCTGAGATGATGAACCTCCTTCCTAGGTTCTAATAACTGCGAGACGTTAAAAAACGGCCAAACCCCTGCCCAAACGTATAA
test random210 41,TCCTAGACCGGCTCGCCCGCGGGCGGCTACCGATAGAAGTGGTCGATGGATGTTTATGTTCTACTTAAGGCACTAGAAAGAGCGTGTTTCACTGGCATGAGCGAATACCGAAGTTTAATGCTTCAAGTACTCGAGTCGCATGCATAACGGCGCGAGTAATTAGTAAACTTAGGCGAACTGGGAATTCAGGTTGCCCAGATAAGGCGAATC
test random210 42,ATGTCTTGATACGATCAGTACACGTATAGCCGGCGACGCGTCATCTTTGGTCGAAACCACATGTTGAATTCTGCCGCGGGAGTGACGATCGTACGCCTCCTAGTTTGCTCCACACGCTGAGGTACCTCGACGTAGCAAGAGTTTCTAAACGAGTAGGATCGCACATAGAAGCTGAATACTCGATCGCTTGCAATCTGGGAAGGGACCCCC
test random210 43,GGGAGATTGAATTTGGGCCAGTTAGCTAACATGATCGTAGTCTCCTCGCATTGTTTGGAGGTACTCAACACAGCCGCTTGCCGGCGTTCCAAATCTCGTCTCGATGGAAAGCTTTCCCCGAAGGCGCTGTGAGTCGGGACCAAACTTATACCGTACCAGCTGCCTACAGGATCTCTGTCGGCGAAGGCAGTTTACTGAAGATGTTACTGC
test random210 44,TACAGTGGCGAGCCCGAATCCAAGAATTACCATCGATCGGGGTTCATCAAAATTCGAGTTTCGCCGTGGTCCGTAACGTCACGTCCGCTCGCCAGCATAGGCATCCCAGTAGGACTGCTTAGATACGTGCTTCCTGCAGAGTTGCATCTAAATGGACAGCACCGTCTATTCCCCCAGGCGATCAGATTGTTATTGGAAGGATGACCCCTC
test random210 45,GATTAATCGTTTTTAATATCGGTTGAGGAGGGGGTATGGCGCTCGGAGGAAGTCTAATATTCGCAGATATGTAAGTGTTGATCTCGAAATCTTTGCTAAAAACTCCCCCATTGATTACTACAGATCACCTCTGACCGCGTGAAAGACTTTCGTTCTGCATCCTCAGTGTGGATCCGATAGGCACTCAGGCCTTACACGCAACACAGCAGA
test random210 46,AATAACTTTATTCCAGATACAATAGCTACATTGTGCAGCACGTGTAATGACGAGTTAACTACCCACCTCGGGTGAATTAATCACGTCTCCTCTACCCGCGCCTAGAACACCAGCCCCCCACACGTGGGATGAGGGACATTTTGCGAATATCACGAAAGTAGTTCTTGATCGACGGTATGAAAAAGGGGCCGAACCTAGTTCAATTCTGTC
test random210 47,ACCTTTGTTACTGCTTTCGCAGCGATTGGGACATGCGATGTGTCGTCCTTAGGTCGTAGTACTTATACGTACTACATCGCCATCACCGTTAAGCTATTAAGAGTGTCCAAGCACGCGAACTTTCAGCCAGTCAAATACCGGACTGCTTTGTAGCTACCGTGATGGTCGTGGTAATTCGAGCATTTCCACAGTGAAAGACTAGTGCCACTA
test random210 48,GCTGGTGCGGGTCGTCAATGACGCTTATACGTACCGTGTAACCTGAGTAACTGCGGCACCTATTAGAATGCAGACCCGCTAGGCCTAAGATTCCTCTCAGATGTTGCGACCTCGGCCTGTACACCCTGAGCGCGAAACCCATAGAGATAGAAGATATTAGTCCTCCGCCGTGATATTAATGCCCTAAAATGCGCACACGGGCATGTTCAA
test random210 49,TGACGCGCTGCCACAATCGTAAAACCTCATTCGCAACCTGTGTCCGGATCCCCTATAATCCTTAAAGCACACGGAGATGCGGGTCTGACTAGGAGACACACGAACCCACTTTTCTGCGTCTAGAGGGTCAAATCGAGTGAAACTCAAATAATAGTGTTGCTCCCCTTGGAGAAATGGCCCAAACCTCCCACGTCAATCGTTGACTTATCA
test random210 50,AACTTCTCATCTCTTTATGTACCGAATATACTTCCGTCACCTGTACTGAGCGTAGCATCGGCCTGCAGGGTACCACTATGCAACGCGGATTCGTGGCTTGGATGTGTCTGAGGACCTAGGTCCGCTGTGGATCAAATGGTGATTGCTATGCCAGATCTGTACTTATGTTTATTTTGATCTTAATGGCGGTGTATGCCTGAGCTTATTACA
test random210 51,TGCGGCGTCGCACAGCAAATAGACGCAGCCGTCTTCGTGAGGTCGGTAAAGCGACCGAGCCTATGGTTCTACTACAATTTAGACACGCTGAGCGCTAGATCCAGGGCACGATACGTTACAGAGGGTCACCGCTATGTCCTCGCAGCTCGTGTTGGAATGTGCGAAATCTGGAGTGGATGGCCTCATGAAGACAATTCCTAGCGCATGCTC
test random210 52,GTGGCCGCGTATTGCGTTGACCGGCTACTTTCACATGGCGTTCCTGGCCGAAATGAAGTGCCATGGGCCCTTCAAACAATGGCCGAATGCACGTAATCTGCAGGCGGGCACGACCCCAATAATTCCAGGCCTCGTATTAACCGATTATCTCAAAACAAAGTGCGGCCGCCCTTGATATCGACCTCCAGTCGAGATGCATCGGAGCTTGCG
test random210 53,CTCGTTTCGCGGGAATAAGAACCTTAGGTTCACTCTAGATCCGCTTGCTGCGCAGGGTGCGCTGACATGCGGGTCTTGAAGGTCACGACTGTGACTAATTCAGTGCCAAACTACAGCACGGTAGCTCTAACTTTTAGCTCTGCGCGTGTTCCGTGTCGACCGGACTGACGCCCAGCGGCTGGCCTTAAATAGTCATCTCATGCCAGTCTG
test random210 54,AGAATTGTAGATGTTCGGTATGTCGTGCTGTCGATTGCGTAGGGATAGAGCTATTATCCAGAGACAAGCACGTAAAGCAGCAAAAGTGTATTCTATATAGCCGACCCCGTAAATAAGTTAATCGGGAATCTATAGTTAGACAATAATGATGTCTAAGTGCTATCCGACACAATCATTGAGACCGGCGGAGACGTTCGTGACGAGTACCTG
test random210 55,GTTGTTAACTAAAACCGTCTGTTGACCCCCCGCGATTGCGCTAACCTTCTAGCTGCGTCGTTCTGCGACAACAGACCCATCTTTGGTGTTACTATGCACACAGAACGGGGGTAGAATCGTAACCGCGCGCAGCAAGATCACAGAGGTTGGTTCCCCTTCCGTTGGCGCGCGGGAGCGGACGGTGATGATTGCAATGAATTTTATAGGTGA
test random210 56,TCGGAATTGGGCTAGGTTTCAGCCACTTCCTTTAGTCATTGCTACAGGGAACGTCTATCAAATTATTAACAACAGCTATGGGAAATTTCGTTGTGTGTTGGACGACATTTCTATGATCGCCGAAATGGGGAGTATCCTTTCACGTGACCGCCACTTGAGCGGAGCACACATCGATCACGGCATCTTCAGTCTAGCCCAGTGCTGGCCTTC
test random210 57,TCTCTAAAGAGTTCCTTACGCGTCCATGATCGTCTAGAAAATATAAAGAGTAATGTGAATCAGGATTGACATGAAAGGCAAAATTTCCTAATATGAGGTGGCCTTGTTTAGGGGACCTGAGTTAACTGCCATTCAGTGATATCTTCGCGAAAAGGCTCTCGGGTCTGGATAACTCAACAATTAAGCCGAGGTTTCCGCGCAATGGTTCGC
test random210 58,CGATGTAGAGAATAAATGACTAGCTCGGCTGTTGTTCTTGCCACAGGCACCCGTCGTTCATGACTAGACGACCGCGCTCATAACTAAGGTTACATAAAAGGAAATGTTACAGTAACACGAGCAGACGCAAGCACCAGATGTCCTAATACGCTGATTATTTACAGGACCATATTGTTGAAGCATCCGGACATTGTATTGAAAATCAACACC
test random210 59,CGTCCTTACCGGACGGGGGCGCTCGGGTCCACCGGCCCGGCGTGCTCGCCAGTGTATGGCCCGGGCCAAATGAGACGTCAGCCGTCGGGGAGGCCGATTCCCCGATTAGTGAGTCGCGAAGCCATTATCGGACATCCCGACCATAATCGTGGGGACATATACACCGGGACCAATGTGCGAGCCACTTACGAGTTGAAGGAGGGCCTCGCG
test random210 60,TATTTAACACCCCGGCTTGCGGCGAAATGCGACTGGATCCAGGTTCAGAAACGGGTCGTGCCGCACAGCTCGGACGACCCTGACGCTTAGTTCGTGTCCTCCCCATCCAGCTCCTTTACGTATTCGTCGCGTCGCTGGTACTTGCCATGTGTTGTAGCGCTGCGTAGTTGGTGGTAAATAAGGCCGCCTCCGTGCGCCTTAGGCGGTCCA
test random210 61,TATATATTTACCAACGCCGAAGAAGGGACTGCAAGTCAGTCTGCTATTCACAGCCGCAGACGATGTTCCCTAATAGTGATGTCGAAGCCTCCGTCATTCTCTCGCTAGACAGCAGGCGCGTGGGGTTTGGGTCTTGCACCTGGCCCCAGGTTTGACTGCAGCAGTCTGACAAAGATCGCTAAACTTCACTGCCCTGGTCCAACGCACTTT
test random210 62,TGCACGACTCCGTACGCTGACTTCAGCAGTTACGGCCCAACGTAATGGTTATAAGCGTCAAACCGATAGTCGAGCGCAGCAACGACCGAGATCCAATGAGATGATGTTTCGTGTACGCTCGGGCTAGCATATTAGAACGTGTTAGACCTGTACCCCCGGCCACGAGGCGAGGCGATACAACTGGGCTAAGAAAGTTATCTCCAGAGCGGG
test random210 63,CGTGCGCGTAACAGCATCATACGTACTAAGCTTGTCAGCTGGCGTATTATAGGTCTTATGGGGCGCACTAAGCTGTGGCGCTCATGACAACTTCAATGAGCAGAACCAATGCTTCTCTGGTGTACCGTTGGCACCCCTAAGCACGGTACAAGAAAGGGAGGGAGTCAGGTCGTCTGTAGCGAGGATAGTGGGGTAGTCAGCCTCTTTGAC
test random210 64,CAAACTCACTGCGTGTTGGTACCTAGCCCAATTGTAAAGATAGACGCTTCCTAGCGCCTAGTTTCTCTGGGCGAATAGCGAGCTTAATAGGTTACCGTCCATGACCGATTAATTATGTAAGGAGGTGGTTTAGTGACATAAAGGAACCTGGCTTTCATGGATCTGATACGCTGCTCTTAGCCGGCTGCCAGCCGTCCGATCCCAACGCGC
test random210 65,AGCGCACTCCTCCCGTACTCCCAGTTTTGACGCGCTGTTTTACTCTTGTTTATCTGGTTAACTTCATCCCCGTACCGTGGACCAATAGATCTCGGGATACGTGGAGAGTTTACACTTACAGCTGCATCCTGAGACCGCGCTGCTAGGCCATATGGTAACATGGGGTGGAAGTGTGATGTCAAGTACAACGGCCTGGTCCGCTTTAACTTC
test random210 66,TTAGCGTGTGCTGTGGTGTCACAATGGGTTTGGGGCAGATAACCCCGCCGAAGCCGGCCAATCTTCTCCGGGATCACCGTCGGCCGACTTGGCCAGGGTAACGAGTAAGTTAGTATATGCGCTATAAGTCCGCGGTTGTATCTTGCAAGGGGACCAATTTATCCATACTCCGCCCCTTACTGATCCCAATGTTGGAAGAGAAGTTATGGT
test random210 67,TTTGAGTAATCGGTACTTCGTACAGAAATTGCGCCGAGGTCTGATTGTTCTTATGGGACAAGTCGCTAAACCGACAACCCGGCATCCGTGCCGACTATCACCTGTGCTGTCCACAATGCGAAGCGACCGTCAACCGCCGGAGCTCAACTCGCTCGTGGCTCTATGCCGATGAAAAAAGGTCGGTTAGAGATTGTATGTCCTTTAAGTAGC
test random210 68,GGTCAAGCTGTGGCTGAAAAAACCTCGGGATTTCGTGCTCATAGTCGTATAGGCTTGGCATCCCTTACTCTATCAGCCAATTGGCGAGCAAGCCTTCGAAAACTAAAGGCAGCGCGTAATATGAAAACCGGAAGCCTGCGAGGGTACCGCTAAAGACACCCCCACTCCGGACATGGCGCCGGGACCGTACAGTTCCACGTCGGATGACCG
test random210 69,ATAGGACCATGCTCATATCAATTGACGACGGGGACGCCATAAACTCTACCGTTAGCTGTCCTTTCTCGGGCGTAGGGCATTCCTTATGTAACTTGCAATTGCCCAATACATTGTATCCATTGAGCATGGATTAGGTATCACCATTACGGAAAAGTGGACTTTTCAGGTGCCTGCCTTACCATTGTAGGCGAGAGCTGTTTACTAGGTATC
test random210 70,TGGGTAACCTGAGTTCACCCCATCTATATCCCTGCCGGCCGCTGAAGTCAACCCCCTTGACAAACTTCTCAGCAATGGGGGACTTTCCCATGGATACAACGGACTTTTTAGAGGATAGTGATCCTGTGCTTTGATGGTCCCCGTAATGGGTTCAGGAGACAGTATGCCTATGTTCTCGTCCATAGCCCTATCAGGCTTGCTTGATCTTGA
test random210 71,GTCGGGCAGTAACTGCTGTGCTATAAACAATGCTATTACTAGAACCCAAGTCCGCATCTGCCTATGTCTACGCTAACCTTATGTAGGATCACAGAGCATACTCCTCAATCAACACATTTAAAGCTGGTTCATAGACGGAACGACTCACACAGTGCCAATAGCACTGTGCGTGTCAATGGGCGACGTTCTAGCTGGTGTTTGCTCTTCCGA
test random210 72,CTAGTCAATATACCCGTTATATTTGCTAACAGCATTCAACTCTATCTTATCTGTTAATCGTTGCATATAGGAGTATTCACGGCACAGAACGGGTCTTCTCGAGTTGACTTTCTCGTCCTGAGACCGCGCGCAAACTAGTTGAGGCTCGGGTCTGCTACGAAGTTAAATAAACCCTCGGAATCTATGGAATTGTAGCAACTCGACTTCCTC
test random210 73,GTGTGAACGGGCGAGCGCGTGAGACCGTGTTACAGTTGCTACTATGACAGGCCTATACCAAAGTTGTTTGTGTTGAGGCAGAGCATCCAGTATGTAAGTCCTCTGTCACTTACGCTGCATCTGAAAAAATCGGTTCATAGAAGGCTGCTCGGCACAGTACGTCTGCGTTAATTCTCCCCTTTGGTTCTTAACTGTCGATGGATAAACCGA
test random210 74,CTTGATCACTCAAAGCTGAGGATGACCTAAACGAATTCACGATGTTTCACGTACATACTCAGAGTAATCACTGAAGCCACGAAGCTATCATGTGTCGCCGCCGTCCCTCCAAATAACTCAGAGGCTAGAAAGTGTATGGGACAAGAGGTCACAACTGCTCTCATAGTCGGGAGGTTATTGGCGGCGAACGCACGTATAGTACCTCCTTAC
test random210 75,GTCGGAAGCTGTAAGCCCGTCCAGATTCTCTTTCTAACCGCTGATCAGGGAAGACGGGATGAGGGGACTCTATGGTGCACTTCATGGCTGGCCGCGCTAGGTTATCAAATGAATGCAAACTTGCAATGGAGGTCATTTAGCGCGACATTCCAATCACAAAGAGAGGGAACGCTTAGAACAGCCTACTCTGCCAACCGAGACGCCGCATGA
test random210 76,TGCTAGGTGATTGCAGAACGGACGGATATTTCGATGTGGTAAGTGACTAGAGCTAGTAAGCCGACCGGGTAATGCTTTCAGTTCTACATCTGATTTCTTAGATGTCTGTGTATTATTTTTAGCGGCAAGGGTTACTGAGGCACCCTTACCTATTTCCACACGACCCAAAGTAAGGTCGATCGGGACTCCCGGGCTCGGACTGGATCCGCC
test random210 77,GTGATCTAAGACGCGGCACTCGGGTTCGCAACCTTTGTCAACCGGCATAGCGGCTATGTGGACCTAAATTGATCGCAGCCGTAGGCCGTGAATTGGCGACGCATCTGACCGAGGGGTTCCAATTCCCTGTCTCAGGAATTGTTGTTTTCCCCTTGTACCGTATTGTAGAACCCAGCGCCAGGAGTTTATTAGGAATGCACGAGGCGGCAA
test random210 78,ACTACTCCATCCCTACTGCCTGTTTTCTATTGCTTCATTATTTGTAGGCGGGATTGAGGGCTATTCCGAGGAAAATAGTTTGCGATCTGTCTTAGTTCTTTTATCAGAACATTCAGCGTAGCCACCAATCAGGATCGCGCTTGTGGGAGGCGGCTTGAGCAGTACCCGCATGGTAAACATTACCGGTGATGAAAAGTCGGCTCTGCAGTG
test random210 79,CGCTAGCATCTCAGTAAGTTGGGGGTCAATACATGCAAAGTTCGTATAAGGCTGACCCCCTCTATATGGACGCGTTGCACTTGAAATGACTCGCAATCCGCCGCTACATTATCAGAAAGTTTCTGGACTTTTCCGGAAACACAATATAGGGGTACGAGAAAAAATCTGATTAGCGCAGTCCGTCGATCTCGAGGCTGTCCCAGACATGTG
test random210 80,TAGCAAACTCGGGACGCTACAGTATCCGCATCAGTGCGCAGTCCTGATTAGCCGAACATGGTCTTAGACGCGTCACGTTATATTGGCAGTCATTGATTTTGAACAAGGCCACAGACTCACTAAGACATGGTGGACATAACAACTTACACGAGGATATCTACAACGCAATAATATCTATTAAATTCCGTTGGACTGGCCTACGATATTCAT
test random210 81,GTTTCGATACGGCTCTTGAGACTAGAAGCTTGAACGAACTCGACAGAGCGTGGCGTTGCGCGCTGCGAGCTTCCTGAATGGCCCCTGCACACTGGTATTATAGAGCCCTATCGGTGCTCTTGCTCATCTTTTGAGGGGGCAAGTTGATGGTGGCATATTGAGTTTCGTACCACATATTACCGAGCTATACTAGACATAGTTCCTTCCTTG
test random210 82,CTGGGTGTCTCTTGCTTTACCACATGACAGGCCTGCGAAGCCTGGGTCCCGTTCTCGCGTTCTACGGACCATGTATGCGCGCGGGGGCTTACTGCATAGGTCATCAAGTGAACTACGCAACTATGAAACTAAAATGAGGGCTGTCAACGAATGGGCGCTTGAAATCGGACCTACGAAAACGGGACAGACTCGATTGACCGACCGCTACTA
test random210 83,GCAGTCTACCGTTGAGTGCAGGTAATCTGGTCTAAGCCCACTAATTCCTCCCACCTATTACGGCCCGAAACCTGCAGAAGATGTTCCACTGACGACTTTTGGTAGTAACGAAAATCCGATCCGATATTTGGGATGTGGTTATGTAGATCAGGGTCTCTAGGTGGCGCTCCGGGCAATCCTATTGTGAACATATACCTACCACAGTGCTAA
test random210 84,ATATATAGCACCTTTAACCACCATGCACAAAATTGTTGTAAATGCGCGGAAGTACATCTCTGAGTGTGCAGCCCAGAGTTTATTAAGACATGCCGTTTGTGCTTTTTAAGCTGACAGGGAATGCGTTCAGACATGGATTTAAGTCAAGATCGATGCACTTAACCGATTCTGGGCGCAACTAATGCGGTCGGCCAGGGGTACTCAAAAGGG
test random210 85,TGAACCGCAGGATGGACGCACTCGACTCGTCGGGTGGGCCCAGCGGGAAGAAGGACCAGTATGCGGGATCTCTAGATTGAGCTTGGTAACTTGTGTTTCATCTATCGGCCAACCTCACAATGAAGATATTGATTAAATTCCCACTTAGATCAAACCTCCGAATTTAGCCTTAACGACTCTAACGTTAACTAACGAAATAACGTTCGTTTA
test random210 86,GCGTCTCCCCTGGACTCAGATACTCAGGATGTTAGCGTTGGTGAGCAGCGTGACAACTCTCACGTAGCGACTGGATATCGAGATGATTGATTGATACTATCCACGATAGGGGGGTGCACATGTTGACGTGAGTCGTATCCAACCCATTCTCCTTCCAGCGCCAGAGAACTGTTGAACCTCATTCCGACTCCCAATGCGCGACCGCCATGA
test random210 87,AATCCTACTCAAACAAAGCGCTGTCCCCCGGTAACCAGTACACATCCAAGGAATCCTTTGACAACGGTTTTCAAGCCGCAATCGTCAAGTATACTCACTTCCACAACCGAATCCATCAACCTGCACGTATACCACACACGCCCACTAGCTTAGGGTACAGGGCTCACCACATTCGCGTGACAACGACAGTCTTATACCCCCCCCCACGCG
test random210 88,GTTGAGGATGTAACCTACCGCGAAGCTGCCGATAGAGGTTATGGGACAAGCATAATCGGGAAGTCGCAGGTACGCCCGGTTGAGTATGACTGGAGCCGCATCGGTCCTGCTTCTTTATACTTTACGAGCACTGTGGTTAAGTGCTACTGGATGATTCGATTCGCGCTAGATAAGTATAGTTTATAGTGCAGGGTTGAGACAAAGGGTACC
test random210 89,ATGAAAATATCGAAGATGCTCGAGAAACAGGCGAGTTTCTACATATTACCTAACGATATAGGCAACTTACGACAACGCCGATAGAATCGTGAGTGCGAAGTTTGCTTATTCAAACACACTGCCAACTGCAACCCGTTACCGACAGGACCTAACCTCTTACCCACTTTATTCCCCCCGATTCCGGCTTGCGATTCGTCGACTGAAGTGAGG
test random210 90,TGTCTGTTGTGACAGTTCGCGCGAAAGACACGCGGGCTAGGGTGCAGCAGGCAGGGCAGGGTACACCCAGACCACGCGCTCGGCATCGATGGGCCAGCCCTGAGCCGCGGCCGCAGAATTATGGCAAGTAGGGGGTATGGTTCGGCACAAACTAACTACCTAGGTGGCGATGCTGAGGCACCGCTGCGCGCGGCAGGGGGTTGACCCGCC
test random210 91,TGTCGACGGTCGAATTTCTCCCCAGCAATACACTTAGGTTTCAACCGGCACGAAGGACGCGCTACCGTCTAAGGTACGGTCGGACTAAGCGCGTAGACGCTTTCTTTTTGAAGATCCCTAGACTTGAGAGGGGAAGAAACCGACTAGAGACAAGGGTAATTCCAAGATATGGTGACGCACTGCATATGAAGAAAACTTACACTCTGCTAT
test random210 92,ATCTGGCATTAAATCACGCACACACCTATACGTCAACGGGATAGAAGCGGAGGCGAAAAAATTCGTAATGTCGTATAAAGCTCATATGTTGTTAGATTTGATGTCCGGCCTGGCAAATCTTGCTATACCAACCGATATATCTAGCTATCGTAGGGTCCACACCTAAATACTGACCGGGGTGCTGCATTTTGATCTCTGGTTCACACTTGG
test random210 93,CACGGACCTCCAATGGACGCGCGCCAACCTCTGCTTCACTATGTTAGTCTGGCTACCTGACAGAGCACCCGAATATAGCCGCCGCGCAAATCCGCGCGGGCACTTCCTGGTACAAACTTCCCCGGAGTGGCTCGTTCGTCTGTTATGCTCAGGCAATAAGACCCGAGGGACTCTGAGGAAGGACACTAGTCTAGTGTTGGCGGAGCACTC
test random210 94,TCATAGCCACTAGAACTTACGCCAGCCATCGTCGCCCGACTAGGGGGCCGTCCCTAATCCCCCCGCGACATACTTCGAAGACGTATGGGAGCCCCATATAATTGATGAATTTTCAGCAGTACAGCGATCCAGACGACCTAGATACTACCTCAAATGTCAAACGAAGCTTATTTGATGCACAATACTGAAAGCAACTGATGGCCGTGTCCG
test random210 95,TAACTTCTTGTTGGTTATATACCCACCATAGCGACCCGTTGACTGGGCGATCAGAGGTGTAATTGAGGCAACAAGGCAGGGGGTACGTACCAGCTCATGATTTGGTTTCTACAGGTTGATCACTGCAACCTCTGGGCCCAAGGGGATTCGACGAATCTAGTCTAGCCTCTAGTTATAAGTCGGACCATCAGCACCGAGTTTTGCAGATCC
test random210 96,AATCTACGCTTCCAGCATCGCTACTATGGTTTGCATTGGAATAGAACCAATGTCGCAAGTCGGACCGCGGAGACCTACTTCTCAGCACCGTATGTAGGAAGACGGGTGCATACTATGATCAGTCATCGAACCACCCCGGCTCCCCCAAAAAGACGTAGTCCTGCCAACTTCGGTGAGGCTTCGCGCATGGGAATGTCGATGTATTGAATT
test random210 97,AGGATGAGTCGACGTTGAAGGCGGCCGTTCAAGCAGGGTGCGGACACTCTCGCGGGCGAGCACATTGTACCGCACGCCGTAATCGCATGGTTAAACCCTTGGTGGGCTGTAGCAGCGTCTCGGCGCAGGTTCCTCCGCTACGGATAGGTGAGGATGTCGACCAAGGGGAGCGCCTTTGTCCGGCATGCTTGTAACCTGTTGACGCGCTTG
test random210 98,CTATTTGTTCTTCTCCGACGAGCTGGCCTGTCAGCGGTTTAAGAGTCTAACCTCGTCTTCGATGCGGAATGCCGATCTTCCAGCCCTATTAGTATACAGGCGACGTTAGGACTGCGTATACTTTTTTCTCTCCACACTGTCGGGAGGTAGCGGAACTTCCTACGTCGTGGGCCGTAGCTACTTTGGTTATCTCCTACGCGGCGAACAAAT
test random210 99,GAGCCTTGGGTTCTGCTTTTTCATGGTTACTGTCCAGGGCTCCACAATGCGTTAATGCTATGGCGATGCATGGGCTTGCACTCTTTAGCGAAGCCGCGCAACTCGCTTCGACGTTAAGTGCCCAGTAATCCGCTTCTTCCCACAAGCATTCGACAACCGTCACGAGGGCGCCGAGATTTCGCAAGTACTATTCGTCGCGGTAAGCTAACG
test random210 100,AAGAGCCAGCGAAAAAATATGTGTGATCCGCAGTAGTGTAGAGTTCTACCGGGGGAGAATGACGTCGGTTCCTAAACCGTCAATAACGCAGTTACAGCTGTTCACACAGTATAAGAAGCATGGCAGACATCCCCTTTCTATGCACGTATTTGCAAGTAAAATAGATGGCGCACCTTGTAAGACCTAGCTGCAGAGGCTAAGGATCAAGAC
test1 HIV wt,GCCCCACGGAGGTGCCACGCCCTGAGATACCACCAAATGAAAGATTGTACTGAGAGACAGGCTAATTTTTTAGGGAAGATCTGGCCTTCCTACAAGGGAAGGCCAGGGAATTTTCTTCAGAGCAGACCAGAGCCAACAGCCCCACCAGAAGAGAGCTTCAGGTCTGGGGTAGAGACAACAACTCCCCCTCAGCCTCCTCACGGCGACGCG
test2 HIV slipmut,GCCCCACGGAGGTGCCACGCCCTGAGATACCACCAAATGAAAGATTGTACTGAGAGACAGGCTAATTTGTTAGGGAAGATCTGGCCTTCCTACAAGGGAAGGCCAGGGAATTTTCTTCAGAGCAGACCAGAGCCAACAGCCCCACCAGAAGAGAGCTTCAGGTCTGGGGTAGAGACAACAACTCCCCCTCAGCCTCCTCACGGCGACGCG
test2 HIV downmut,GCCCCACGGAGGTGCCACGCCCTGAGATACCACCAAATGAAAGATTGTACTGAGAGACAGGCTAATTTTTTAGGGAAGATCTGGCAAAGCATTAAGGGAAGGCCAGGGAATTTTCTTCAGAGCAGACCAGAGCCAACAGCCCCACCAGAAGAGAGCTTCAGGTCTGGGGTAGAGACAACAACTCCCCCTCAGCCTCCTCACGGCGACGCG
test2 HIV upmut,GCCCCACGGAGGTGCCACGCCCTGAGATACCACCAAATGAAAGACCAGGTTCAGAGACAGGCTAATTTTTTAGGGAAGATCTGGCCTTCCTACAAGGGAAGGCCAGGGAATTTTCTTCAGAGCAGACCAGAGCCAACAGCCCCACCAGAAGAGAGCTTCAGGTCTGGGGTAGAGACAACAACTCCCCCTCAGCCTCCTCACGGCGACGCG
